Strategy,Asset,Timeframe,Net_Profit_USD,ROI_Percent,ROI,CAGR_Percent,ROI_Per_Day_Pct,Win_Rate_Percent,Win_Rate_Adjusted,Profit_Factor,Sharpe_Ratio,Avg_Win_USD,Avg_Loss_USD,Win_Loss_Ratio,Trades_Per_Year,Max_Drawdown_USD,Max_Drawdown_Percent,Gross_Drawdown_USD,Gross_Drawdown_Percent,Net_Drawdown_USD,Net_Drawdown_Percent,Current_Drawdown_USD,Current_Drawdown_Percent,WR_Flag,Performance_Grade,Deployment_Status,Rank,Initial_Capital_USD,Final_Capital_USD,Time_period_checked,Time_start,time_end,fees_exchnage,Total_Trades,Data_Source
Supertrend_CCI,ETH,4h,0.0,0.0,0.0,6431.0,1.1508,82.95,82.95,8.66,0.0,0.0,0.0,0.0,180.0,0.0,0.0,0.0,-2.66,0.0,0.0,0.0,0.0,HIGH_WR,STRONG,TIER_1,1,10000,0.0,,,,0.06%,900,tv_apr4
Triple_Confirm,BTC,4h,0.0,0.0,0.0,3826.0,1.0099,84.01,84.01,8.84,0.0,0.0,0.0,0.0,148.8,0.0,0.0,0.0,-2.46,0.0,0.0,0.0,0.0,HIGH_WR,STRONG,TIER_1,2,10000,0.0,,,,0.06%,744,tv_apr4
EMA_Ribbon,LDO,1h,0.0,0.0,0.0,3410.0,0.9789,97.83,97.83,9.79,0.0,0.0,0.0,0.0,148.2,0.0,0.0,0.0,-7.72,0.0,0.0,0.0,0.0,HIGH_WR,EXCEPTIONAL,TIER_1_DEPLOY,3,10000,0.0,,,,0.06%,741,tv_apr4
Supertrend_CCI,LDO,4h,0.0,0.0,0.0,3301.0,0.9702,83.49,83.49,8.66,0.0,0.0,0.0,0.0,120.8,0.0,0.0,0.0,-3.06,0.0,0.0,0.0,0.0,HIGH_WR,STRONG,TIER_1,4,10000,0.0,,,,0.06%,604,tv_apr4
CCI_Donchian_Fusion,BTC,4h,0.0,0.0,0.0,3277.0,0.9683,80.84,80.84,8.84,0.0,0.0,0.0,0.0,120.8,0.0,0.0,0.0,-2.46,0.0,0.0,0.0,0.0,HIGH_WR,STRONG,TIER_1,5,10000,0.0,,,,0.06%,604,tv_apr4
Triple_Confirm,LDO,4h,0.0,0.0,0.0,3122.0,0.9553,83.52,83.52,9.05,0.0,0.0,0.0,0.0,148.8,0.0,0.0,0.0,-3.53,0.0,0.0,0.0,0.0,HIGH_WR,STRONG,TIER_1,6,10000,0.0,,,,0.06%,744,tv_apr4
EMA_Ribbon,ETH,1h,0.0,0.0,0.0,3066.0,0.9504,83.45,83.45,3.88,0.0,0.0,0.0,0.0,431.8,0.0,0.0,0.0,-9.05,0.0,0.0,0.0,0.0,HIGH_WR,STRONG,TIER_1,7,10000,0.0,,,,0.06%,2159,tv_apr4
CCI_Donchian_Fusion,ETH,1h,0.0,0.0,0.0,2480.0,0.8939,84.25,84.25,5.55,0.0,0.0,0.0,0.0,204.4,0.0,0.0,0.0,-7.0,0.0,0.0,0.0,0.0,HIGH_WR,STRONG,TIER_1,8,10000,0.0,,,,0.06%,1022,tv_apr4
CCI_Donchian_Fusion,LDO,4h,0.0,0.0,0.0,2104.0,0.8504,83.91,83.91,9.17,0.0,0.0,0.0,0.0,120.8,0.0,0.0,0.0,-6.27,0.0,0.0,0.0,0.0,HIGH_WR,PROMISING,TIER_2,9,10000,0.0,,,,0.06%,604,tv_apr4
Supertrend_CCI,SUI,4h,0.0,0.0,0.0,1793.0,0.8084,82.78,82.78,7.69,0.0,0.0,0.0,0.0,54.0,0.0,0.0,0.0,-4.24,0.0,0.0,0.0,0.0,HIGH_WR,STRONG,TIER_1,10,10000,0.0,,,,0.06%,270,tv_apr4
Triple_Confirm,SUI,4h,0.0,0.0,0.0,1703.0,0.7949,83.72,83.72,9.05,0.0,0.0,0.0,0.0,148.8,0.0,0.0,0.0,-2.73,0.0,0.0,0.0,0.0,HIGH_WR,STRONG,TIER_1,11,10000,0.0,,,,0.06%,744,tv_apr4
CCI_Donchian_Fusion,SUI,4h,0.0,0.0,0.0,1703.0,0.7949,83.72,83.72,12.05,0.0,0.0,0.0,0.0,45.2,0.0,0.0,0.0,-1.11,0.0,0.0,0.0,0.0,HIGH_WR,STRONG,TIER_1,12,10000,0.0,,,,0.06%,226,tv_apr4
EMA_Ribbon,SUI,4h,0.0,0.0,0.0,1350.0,0.7348,84.94,84.94,8.94,0.0,0.0,0.0,0.0,331.6,0.0,0.0,0.0,-10.22,0.0,0.0,0.0,0.0,HIGH_WR,STRONG,TIER_1,13,10000,0.0,,,,0.06%,1658,tv_apr4
Stoch_RSI_Trend,LDO,4h,0.0,0.0,0.0,1338.0,0.7325,82.22,82.22,8.72,0.0,0.0,0.0,0.0,54.0,0.0,0.0,0.0,-3.21,0.0,0.0,0.0,0.0,HIGH_WR,STRONG,TIER_1,14,10000,0.0,,,,0.06%,270,tv_apr4
Stoch_RSI_Trend,SUI,4h,0.0,0.0,0.0,1338.0,0.7325,81.8,81.8,8.44,0.0,0.0,0.0,0.0,54.0,0.0,0.0,0.0,-9.5,0.0,0.0,0.0,0.0,HIGH_WR,STRONG,TIER_1,15,10000,0.0,,,,0.06%,270,tv_apr4
MACD_Zero_Cross,SUI,4h,0.0,0.0,0.0,1268.0,0.7188,85.41,85.41,10.76,0.0,0.0,0.0,0.0,54.0,0.0,0.0,0.0,-3.59,0.0,0.0,0.0,0.0,HIGH_WR,STRONG,TIER_1,16,10000,0.0,,,,0.06%,270,tv_apr4
Supertrend_CCI,BTC,4h,0.0,0.0,0.0,1005.0,0.6599,83.91,83.91,9.17,0.0,0.0,0.0,0.0,120.8,0.0,0.0,0.0,-2.47,0.0,0.0,0.0,0.0,HIGH_WR,STRONG,TIER_1,17,10000,0.0,,,,0.06%,604,tv_apr4
EMA_Ribbon,BTC,1h,0.0,0.0,0.0,991.0,0.6564,76.28,76.28,7.09,0.0,0.0,0.0,0.0,331.8,0.0,0.0,0.0,-12.0,0.0,0.0,0.0,0.0,,PROMISING,TIER_2,18,10000,0.0,,,,0.06%,1659,tv_apr4
Stoch_RSI_Trend,BTC,4h,0.0,0.0,0.0,806.0,0.6052,81.19,81.19,6.69,0.0,0.0,0.0,0.0,54.0,0.0,0.0,0.0,-12.48,0.0,0.0,0.0,0.0,HIGH_WR,PROMISING,TIER_2,19,10000,0.0,,,,0.06%,270,tv_apr4
MACD_Zero_Cross,ETH,4h,0.0,0.0,0.0,805.0,0.6049,83.83,83.83,11.61,0.0,0.0,0.0,0.0,53.2,0.0,0.0,0.0,-2.97,0.0,0.0,0.0,0.0,HIGH_WR,PROMISING,TIER_2,20,10000,0.0,,,,0.06%,266,tv_apr4
Donchian Trend BINANCEUSDT.P 2026-04-03,SUI,4h,5057974.36,50579.74,505.7974,785.55,0.5989,84.66,84.66,9.86,2.74,17591.0,9847.36,1.79,132.4,-76060.3,-1.62,-571146.8,-11.27,0.0,0.0,0.0,0.0,HIGH_WR,STRONG,TIER_1,21,10000,5067974.36,1043_days,24-05-2023,01-04-2026,0.06%,378,tv_backtester_jan_2024
CCI Trend BINANCEUSDT.P 2026-04-04,AVAX,4h,819576425.7,8195764.26,81957.6426,691.12,0.5679,84.36,84.36,14.2,2.47,1373322.39,521819.74,2.63,139.1,-13002285.0,-1.62,-62096548.9,-7.58,0.0,0.0,0.0,0.0,HIGH_WR,EXCEPTIONAL,TIER_1_DEPLOY,22,10000,819586425.7,1998_days,12-10-2020,02-04-2026,0.06%,761,tv_backtester_jan_2024
CCI Trend BINANCEUSDT.P 2026-04-04,SUI,4h,3525178.64,35251.79,352.5179,679.07,0.5636,83.29,83.29,13.44,3.69,11071.64,4108.17,2.7,144.5,-45076.19,-1.8,-283463.93,-8.02,0.0,0.0,0.0,0.0,HIGH_WR,EXCEPTIONAL,TIER_1_DEPLOY,23,10000,3535178.64,1044_days,24-05-2023,02-04-2026,0.06%,413,tv_backtester_jan_2024
Donchian Trend BINANCEUSDT 2026-04-03,LDO,4h,20791873.69,207918.74,2079.1874,638.16,0.5488,82.85,82.85,6.17,2.46,57706.05,45187.95,1.28,135.8,-327560.38,-1.64,-4021727.59,-19.33,0.0,0.0,0.0,0.0,HIGH_WR,PROMISING,TIER_2,24,10000,20801873.69,1396_days,01-06-2022,28-03-2026,0.06%,519,tv_backtester_jan_2024
CCI Trend BINANCEUSDT.P 2026-04-03,LDO,4h,9127195.6,91271.96,912.7196,612.64,0.5391,85.01,85.01,12.86,3.18,23905.65,10544.41,2.27,140.3,-122069.04,-2.68,-769741.87,-8.42,0.0,0.0,0.0,0.0,HIGH_WR,EXCEPTIONAL,TIER_1_DEPLOY,25,10000,9137195.6,1268_days,13-10-2022,03-04-2026,0.06%,487,tv_backtester_jan_2024
Donchian Trend BINANCEUSDT.P 2026-04-03,LDO,4h,8663578.1,86635.78,866.3578,608.56,0.5375,83.97,83.97,7.68,2.61,25343.61,17286.12,1.47,135.4,-133531.31,-1.61,-1296458.86,-14.95,0.0,0.0,0.0,0.0,HIGH_WR,STRONG,TIER_1,26,10000,8673578.1,1262_days,13-10-2022,28-03-2026,0.06%,468,tv_backtester_jan_2024
CCI Trend BINANCEUSDT.P 2026-04-04,LINK,4h,944879663.0,9448796.63,94487.9663,543.8,0.5111,85.75,85.75,15.93,2.87,1289242.57,486984.84,2.65,148.2,-14842553.88,-1.68,-63308029.57,-6.7,0.0,0.0,0.0,0.0,HIGH_WR,EXCEPTIONAL,TIER_1_DEPLOY,27,10000,944889663.0,2247_days,05-02-2020,02-04-2026,0.06%,912,tv_backtester_jan_2024
CCI Trend BINANCEUSDT 2026-04-03,LDO,4h,11064520.06,110645.2,1106.452,519.41,0.5005,82.61,82.61,10.67,3.02,27938.25,12440.16,2.25,137.6,-147730.33,-2.75,-1144494.96,-10.33,0.0,0.0,0.0,0.0,HIGH_WR,STRONG,TIER_1,28,10000,11074520.06,1404_days,30-05-2022,03-04-2026,0.06%,529,tv_backtester_jan_2024
MACD_Zero_Cross,BTC,4h,0.0,0.0,0.0,506.0,0.4945,77.07,77.07,8.49,0.0,0.0,0.0,0.0,53.2,0.0,0.0,0.0,-4.67,0.0,0.0,0.0,0.0,,PROMISING,TIER_2,29,10000,0.0,,,,0.06%,266,tv_apr4
Donchian Trend BINANCEUSDT 2026-04-03,DOT,4h,185815832.1,1858158.32,18581.5832,487.84,0.4861,80.29,80.29,5.4,1.81,370769.67,279519.95,1.33,138.0,-30540706.96,-14.12,-42207512.02,-19.51,-5.01,-0.05,-30540706.96,-14.12,HIGH_WR,PROMISING,TIER_2,30,10000,185825832.1,2027_days,12-09-2020,02-04-2026,0.06%,766,tv_backtester_jan_2024
Donchian Trend BINANCEUSDT.P 2026-04-03,AVAX,4h,153277772.2,1532777.72,15327.7772,483.32,0.484,80.79,80.79,8.37,2.2,266972.09,134116.33,1.99,147.7,-4588173.2,-3.2,-20788031.18,-13.55,0.0,0.0,-104304.13,-0.07,HIGH_WR,STRONG,TIER_1,31,10000,153287772.2,1996_days,12-10-2020,01-04-2026,0.06%,807,tv_backtester_jan_2024
Donchian Trend BINANCEUSDT.P 2026-04-03,LINK,4h,471108926.3,4711089.26,47110.8926,475.83,0.4805,83.66,83.66,8.03,1.77,735129.18,468570.84,1.57,142.4,-7705449.0,-1.62,-67005629.95,-14.11,0.0,0.0,-3789569.97,-0.8,HIGH_WR,STRONG,TIER_1,32,10000,471118926.3,2245_days,07-02-2020,01-04-2026,0.06%,875,tv_backtester_jan_2024
Donchian Trend BINANCEUSDT.P 2026-04-03,DOT,4h,159790785.4,1597907.85,15979.0785,472.08,0.4787,79.65,79.65,5.69,1.85,323596.97,222508.51,1.45,135.5,-26671211.06,-14.3,-34043801.63,-18.26,0.0,0.0,-26671211.06,-14.3,,PROMISING,TIER_2,33,10000,159800785.4,2027_days,12-09-2020,02-04-2026,0.06%,752,tv_backtester_jan_2024
Donchian Trend BINANCEUSDT 2026-04-03,ETH,4h,17091006794.0,170910067.9,1709100.679,435.74,0.4606,83.21,83.21,12.05,2.04,17732849.99,7293483.71,2.43,147.7,-258634060.0,-1.61,-1546218547.0,-9.05,-161.43,-1.61,0.0,0.0,HIGH_WR,STRONG,TIER_1,34,10000,17091016794.0,3123_days,12-09-2017,01-04-2026,0.06%,1263,tv_backtester_jan_2024
CCI Trend BINANCEUSDT.P 2026-04-03,DOT,4h,84524856.15,845248.56,8452.4856,410.06,0.4471,79.12,79.12,6.94,2.7,153357.66,83749.88,1.83,146.7,-7672321.73,-8.32,-14237479.79,-15.44,0.0,0.0,-7672321.73,-8.32,,PROMISING,TIER_2,35,10000,84534856.15,2027_days,12-09-2020,02-04-2026,0.06%,814,tv_backtester_jan_2024
MACD_Zero_Cross,LDO,4h,0.0,0.0,0.0,404.0,0.4438,83.78,83.78,8.19,0.0,0.0,0.0,0.0,22.2,0.0,0.0,0.0,-3.19,0.0,0.0,0.0,0.0,HIGH_WR,PROMISING,TIER_2,36,10000,0.0,,,,0.06%,111,tv_apr4
Donchian Trend BINANCEUSDT.P 2026-04-03,ETH,4h,125894639.6,1258946.4,12589.464,348.7,0.4118,84.19,84.19,15.25,2.13,178210.23,62199.27,2.87,142.8,-1898974.8,-1.61,-8832295.69,-7.02,0.0,0.0,0.0,0.0,HIGH_WR,STRONG,TIER_1,37,10000,125904639.6,2297_days,16-12-2019,01-04-2026,0.06%,898,tv_backtester_jan_2024
Donchian Trend BINANCEUSDT.P 2026-04-03,ADA,4h,70997056.29,709970.56,7099.7056,329.05,0.3995,74.31,74.31,8.98,1.98,129693.92,41757.73,3.11,136.1,-2043850.6,-3.3,-8894397.46,-12.49,-3339.29,-33.39,-214612.06,-0.3,,STRONG,TIER_1,38,10000,71007056.29,2224_days,25-02-2020,29-03-2026,0.06%,829,tv_backtester_jan_2024
CCI Trend BINANCEUSDT.P 2026-04-03,ADA,4h,71425789.83,714257.9,7142.579,326.95,0.3982,77.83,77.83,15.77,2.82,122018.57,27167.5,4.49,131.3,-996514.6,-1.64,-4835814.98,-6.73,-2064.77,-20.65,-432139.76,-0.6,,STRONG,TIER_1,39,10000,71435789.83,2233_days,20-02-2020,02-04-2026,0.06%,803,tv_backtester_jan_2024
CCI Trend BINANCEUSDT.P 2026-04-03,ETH,4h,65063742.19,650637.42,6506.3742,304.0,0.383,83.64,83.64,9.19,2.48,107370.24,59759.58,1.8,129.3,-1013680.3,-1.61,-7948023.75,-12.21,0.0,0.0,0.0,0.0,HIGH_WR,STRONG,TIER_1,40,10000,65073742.19,2297_days,16-12-2019,31-03-2026,0.06%,813,tv_backtester_jan_2024
CCI Trend BINANCEUSDT 2026-04-03,ETH,4h,1255769023.0,12557690.23,125576.9023,294.25,0.3763,81.7,81.7,9.07,2.14,1596576.69,785882.69,2.03,126.4,-19638271.53,-1.62,-155604771.9,-12.39,0.0,0.0,0.0,0.0,HIGH_WR,STRONG,TIER_1,41,10000,1255779023.0,3126_days,08-09-2017,31-03-2026,0.06%,1082,tv_backtester_jan_2024
Donchian Trend BINANCEUSDT 2026-04-03,BTC,4h,750952508.0,7509525.08,75095.2508,271.11,0.3597,82.13,82.13,10.16,2.15,819841.83,371071.44,2.21,144.5,-13658256.25,-3.29,-82006787.18,-10.92,0.0,0.0,-58478.63,-0.01,HIGH_WR,STRONG,TIER_1,42,10000,750962508.0,3127_days,07-09-2017,01-04-2026,0.06%,1237,tv_backtester_jan_2024
CCI Trend BINANCEUSDT.P 2026-04-04,XRP,4h,27994256.15,279942.56,2799.4256,260.89,0.352,75.61,75.61,16.88,2.88,47995.51,8814.8,5.44,132.6,-540367.95,-3.36,-1762959.52,-6.3,-522.66,-5.23,0.0,0.0,,STRONG,TIER_1,43,10000,28004256.15,2259_days,25-01-2020,02-04-2026,0.06%,820,tv_backtester_jan_2024
CCI Trend BINANCEUSDT.P 2026-04-04,SOL,4h,8969940.61,89699.41,896.9941,245.14,0.3397,67.65,67.65,19.29,2.57,17883.6,1938.67,9.22,142.5,-89960.03,-1.74,-490482.74,-5.46,-725.61,-7.26,0.0,0.0,,STRONG,TIER_1,44,10000,8979940.61,2005_days,04-10-2020,02-04-2026,0.06%,782,tv_backtester_jan_2024
CCI Trend BINANCEUSDT.P 2026-04-03,SOL,4h,8969940.61,89699.41,896.9941,245.14,0.3397,67.65,67.65,19.29,2.57,17883.6,1938.67,9.22,142.5,-89960.03,-1.74,-490482.74,-5.46,-725.61,-7.26,0.0,0.0,,STRONG,TIER_1,45,10000,8979940.61,2005_days,04-10-2020,02-04-2026,0.06%,782,tv_backtester_jan_2024
Donchian Trend BINANCEUSDT.P 2026-04-03,SOL,4h,8736676.66,87366.77,873.6677,244.98,0.3396,67.03,67.03,7.24,2.08,18462.9,5183.17,3.56,149.7,-255403.2,-3.22,-1399454.69,-16.0,-2335.89,-23.36,0.0,0.0,,PROMISING,TIER_2,46,10000,8746676.66,1998_days,06-10-2020,27-03-2026,0.06%,819,tv_backtester_jan_2024
Donchian Trend BINANCEUSDT.P 2026-04-03 (1),SOL,4h,8736676.66,87366.77,873.6677,244.98,0.3396,67.03,67.03,7.24,2.08,18462.9,5183.17,3.56,149.7,-255403.2,-3.22,-1399454.69,-16.0,-2335.89,-23.36,0.0,0.0,,PROMISING,TIER_2,47,10000,8746676.66,1998_days,06-10-2020,27-03-2026,0.06%,819,tv_backtester_jan_2024
KC Breakout BINANCEUSDT.P 2026-04-04,SUI,4h,284950.88,2849.51,28.4951,228.23,0.3259,85.86,85.86,10.55,3.18,1851.69,1065.57,1.74,69.5,-6612.9,-3.27,-29835.83,-10.12,-10.07,-0.1,0.0,0.0,HIGH_WR,STRONG,TIER_1,48,10000,294950.88,1040_days,24-05-2023,29-03-2026,0.06%,198,tv_backtester_jan_2024
Donchian Trend BINANCEUSDT.P 2026-04-03,BTC,4h,20816311.78,208163.12,2081.6312,223.87,0.3223,81.52,81.52,11.88,2.48,32012.58,11879.64,2.69,134.0,-356912.74,-3.2,-1912621.31,-9.18,-0.7,-0.01,0.0,0.0,HIGH_WR,STRONG,TIER_1,49,10000,20826311.78,2375_days,30-09-2019,01-04-2026,0.06%,871,tv_backtester_jan_2024
Donchian Trend BINANCEUSDT.P 2026-04-03,XRP,4h,13501417.81,135014.18,1350.1418,221.77,0.3205,71.95,71.95,9.88,1.84,30346.12,7875.2,3.85,111.5,-217925.7,-1.62,-1519913.53,-11.25,-29.98,-0.3,0.0,0.0,,STRONG,TIER_1,50,10000,13511417.81,2253_days,27-01-2020,29-03-2026,0.06%,688,tv_backtester_jan_2024
CCI Trend BINANCEUSDT.P 2026-04-03,BTC,4h,7909555.59,79095.56,790.9556,179.97,0.2823,80.43,80.43,17.58,3.08,11862.18,2773.27,4.28,135.6,-68216.33,-1.51,-477002.46,-6.02,0.0,0.0,0.0,0.0,HIGH_WR,PROMISING,TIER_2,51,10000,7919555.59,2368_days,29-09-2019,25-03-2026,0.06%,879,tv_backtester_jan_2024
CCI Trend BINANCEUSDT 2026-04-03,BTC,4h,60780476.75,607804.77,6078.0477,177.22,0.2796,80.66,80.66,13.68,2.67,74514.61,22712.72,3.28,127.7,-777021.2,-1.61,-4792383.31,-7.88,0.0,0.0,0.0,0.0,HIGH_WR,PROMISING,TIER_2,52,10000,60790476.75,3121_days,06-09-2017,25-03-2026,0.06%,1091,tv_backtester_jan_2024
HA Trend BINANCEUSDT.P 2026-04-03,LDO,4h,309828.4,3098.28,30.9828,171.76,0.2741,85.17,85.17,11.01,3.99,1262.19,658.81,1.92,91.5,-6144.48,-1.95,-30963.91,-9.68,0.0,0.0,0.0,0.0,HIGH_WR,PROMISING,TIER_2,53,10000,319828.4,1266_days,14-10-2022,03-04-2026,0.06%,317,tv_backtester_jan_2024
KC Breakout BINANCEUSDT.P 2026-04-03,ETH,4h,5151075.56,51510.76,515.1076,170.58,0.2729,87.36,87.36,32.11,2.72,13258.47,2854.69,4.64,73.1,-69496.44,-1.64,-165572.01,-3.21,0.0,0.0,0.0,0.0,HIGH_WR,PROMISING,TIER_2,54,10000,5161075.56,2292_days,16-12-2019,27-03-2026,0.06%,459,tv_backtester_jan_2024
HA Trend BINANCEUSDT 2026-04-03,LDO,4h,446988.41,4469.88,44.6988,170.48,0.2728,83.24,83.24,8.08,3.66,1741.01,1069.95,1.63,91.6,-10256.12,-3.21,-63127.12,-13.81,-161.48,-1.61,0.0,0.0,HIGH_WR,PROMISING,TIER_2,55,10000,456988.41,1403_days,30-05-2022,03-04-2026,0.06%,352,tv_backtester_jan_2024
HA Trend BINANCEUSDT.P 2026-04-03,LINK,4h,4237393.19,42373.93,423.7393,168.25,0.2705,81.85,81.85,14.5,3.03,9521.56,2961.42,3.22,95.2,-68165.43,-1.63,-313910.72,-7.39,-0.04,0.0,0.0,0.0,HIGH_WR,PROMISING,TIER_2,56,10000,4247393.19,2240_days,10-02-2020,30-03-2026,0.06%,584,tv_backtester_jan_2024
HA Trend BINANCEUSDT.P 2026-04-03,AVAX,4h,2154389.52,21543.9,215.439,168.04,0.2703,83.64,83.64,19.96,3.35,5545.3,1420.45,3.9,89.7,-15745.09,-1.61,-113636.15,-5.25,0.0,0.0,0.0,0.0,HIGH_WR,PROMISING,TIER_2,57,10000,2164389.52,1992_days,15-10-2020,30-03-2026,0.06%,489,tv_backtester_jan_2024
KC Breakout BINANCEUSDT.P 2026-04-04,LINK,4h,3805040.65,38050.41,380.5041,163.48,0.2656,82.31,82.31,10.76,2.5,11126.83,4812.02,2.31,74.6,-58881.59,-1.63,-389773.99,-10.21,0.0,0.0,-856.24,-0.02,HIGH_WR,PROMISING,TIER_2,58,10000,3815040.65,2241_days,07-02-2020,28-03-2026,0.06%,458,tv_backtester_jan_2024
CCI Trend BINANCEUSDT.P 2026-04-04,BNB,4h,3350064.54,33500.65,335.0065,160.52,0.2625,73.03,73.03,9.96,3.09,6365.63,1730.7,3.68,131.8,-49759.69,-1.62,-373831.35,-11.13,-1528.81,-15.29,0.0,0.0,,PROMISING,TIER_2,59,10000,3360064.54,2219_days,05-03-2020,02-04-2026,0.06%,801,tv_backtester_jan_2024
KC Breakout BINANCEUSDT.P 2026-04-04,AVAX,4h,1736761.6,17367.62,173.6762,157.22,0.259,79.49,79.49,9.08,2.84,5657.2,2415.41,2.34,79.4,-50419.82,-4.28,-214971.92,-12.3,0.0,0.0,-1188.58,-0.07,,PROMISING,TIER_2,60,10000,1746761.6,1996_days,12-10-2020,01-04-2026,0.06%,434,tv_backtester_jan_2024
HA Trend BINANCEUSDT.P 2026-04-03,SUI,4h,136079.73,1360.8,13.608,155.53,0.2572,81.82,81.82,5.72,3.22,763.38,600.21,1.27,92.4,-3528.9,-3.22,-28809.92,-19.72,0.0,0.0,0.0,0.0,HIGH_WR,PROMISING,TIER_2,61,10000,146079.73,1044_days,23-05-2023,02-04-2026,0.06%,264,tv_backtester_jan_2024
KC Breakout BINANCEUSDT 2026-04-03,ETH,4h,27418504.23,274185.04,2741.8504,152.27,0.2537,83.65,83.65,25.53,2.56,54666.85,10956.75,4.99,72.9,-384011.07,-1.63,-1117588.99,-4.07,-60.03,-0.6,0.0,0.0,HIGH_WR,PROMISING,TIER_2,62,10000,27428504.23,3125_days,05-09-2017,27-03-2026,0.06%,624,tv_backtester_jan_2024
HA Trend BINANCEUSDT.P 2026-04-03,DOT,4h,1421006.35,14210.06,142.1006,144.37,0.2449,78.06,78.06,7.03,2.71,3879.66,1963.41,1.98,98.5,-99082.6,-6.48,-235608.79,-15.4,0.0,0.0,-99082.6,-6.48,,PROMISING,TIER_2,63,10000,1431006.35,2029_days,10-09-2020,01-04-2026,0.06%,547,tv_backtester_jan_2024
KC Breakout BINANCEUSDT 2026-04-03,LDO,4h,279230.67,2792.31,27.9231,142.71,0.2431,81.93,81.93,6.89,2.64,1601.23,1053.78,1.52,65.6,-6789.1,-3.06,-47419.97,-16.4,0.0,0.0,0.0,0.0,HIGH_WR,PROMISING,TIER_2,64,10000,289230.67,1386_days,15-06-2022,01-04-2026,0.06%,249,tv_backtester_jan_2024
KC Breakout BINANCEUSDT.P 2026-04-03,LDO,4h,195414.57,1954.15,19.5415,139.0,0.2388,82.82,82.82,7.37,2.69,1202.61,786.57,1.53,65.4,-4628.77,-2.98,-30676.24,-14.93,-162.03,-1.62,0.0,0.0,HIGH_WR,PROMISING,TIER_2,65,10000,205414.57,1267_days,12-10-2022,01-04-2026,0.06%,227,tv_backtester_jan_2024
HA Trend BINANCEUSDT 2026-04-03,DOT,4h,1246408.04,12464.08,124.6408,138.41,0.2381,77.45,77.45,6.77,2.7,3490.45,1771.25,1.97,97.2,-83036.97,-6.2,-216092.3,-16.13,-176.23,-1.76,-83036.97,-6.2,,PROMISING,TIER_2,66,10000,1256408.04,2032_days,07-09-2020,01-04-2026,0.06%,541,tv_backtester_jan_2024
Donchian Trend BINANCEUSDT 2026-04-03,BNB,4h,11901348.62,119013.49,1190.1349,133.54,0.2325,56.69,56.69,11.23,1.83,20286.69,2364.39,8.58,136.0,-223834.51,-3.11,-1163277.78,-9.75,-5372.94,-53.73,-21069.01,-0.18,,PROMISING,TIER_2,67,10000,11911348.62,3050_days,25-11-2017,02-04-2026,0.06%,1136,tv_backtester_jan_2024
KC Breakout BINANCEUSDT.P 2026-04-03,DOT,4h,1065191.49,10651.91,106.5191,132.89,0.2317,78.36,78.36,6.66,2.28,3978.54,2161.46,1.84,72.7,-76234.88,-6.62,-188047.39,-16.33,0.0,0.0,-76234.88,-6.62,,PROMISING,TIER_2,68,10000,1075191.49,2021_days,12-09-2020,27-03-2026,0.06%,402,tv_backtester_jan_2024
HA Trend BINANCEUSDT 2026-04-03,ETH,4h,11220159.8,112201.6,1122.016,127.02,0.2247,83.23,83.23,13.79,2.62,17406.84,6268.52,2.78,97.5,-168211.7,-1.62,-877592.68,-7.81,0.0,0.0,0.0,0.0,HIGH_WR,PROMISING,TIER_2,69,10000,11230159.8,3129_days,07-09-2017,02-04-2026,0.06%,835,tv_backtester_jan_2024
PSAR Trend BINANCEUSDT.P 2026-04-04,SUI,4h,93187.5,931.87,9.3187,126.27,0.2238,84.91,84.91,14.32,3.48,742.11,291.54,2.55,55.6,-1478.59,-1.79,-6996.97,-6.78,0.0,0.0,0.0,0.0,HIGH_WR,PROMISING,TIER_2,70,10000,103187.5,1044_days,24-05-2023,02-04-2026,0.06%,159,tv_backtester_jan_2024
HA Trend BINANCEUSDT.P 2026-04-03,ETH,4h,1450457.48,14504.57,145.0457,120.74,0.217,83.01,83.01,14.04,3.03,3014.77,1049.0,2.87,99.1,-24573.95,-1.8,-111194.16,-7.61,0.0,0.0,0.0,0.0,HIGH_WR,PROMISING,TIER_2,71,10000,1460457.48,2299_days,16-12-2019,02-04-2026,0.06%,624,tv_backtester_jan_2024
HA Trend BINANCEUSDT.P 2026-04-03,XRP,4h,1193454.41,11934.54,119.3454,117.03,0.2124,70.97,70.97,22.0,3.36,2841.58,315.78,9.0,100.3,-11167.08,-1.64,-56840.24,-4.72,-1025.59,-10.26,0.0,0.0,,PROMISING,TIER_2,72,10000,1203454.41,2258_days,25-01-2020,02-04-2026,0.06%,620,tv_backtester_jan_2024
KC Breakout BINANCEUSDT.P 2026-04-03,BTC,4h,1327824.94,13278.25,132.7825,113.35,0.2077,81.87,81.87,18.6,2.52,3341.08,811.05,4.12,79.4,-14246.56,-1.62,-75427.69,-5.64,0.0,0.0,0.0,0.0,HIGH_WR,PROMISING,TIER_2,73,10000,1337824.94,2360_days,09-10-2019,27-03-2026,0.06%,513,tv_backtester_jan_2024
KC Breakout BINANCEUSDT.P 2026-04-03,ADA,4h,957259.89,9572.6,95.726,112.02,0.206,73.65,73.65,8.94,2.34,3443.71,1076.97,3.2,69.9,-14611.15,-1.68,-120620.55,-12.41,-2156.11,-21.56,-4401.01,-0.45,,PROMISING,TIER_2,74,10000,967259.89,2222_days,26-02-2020,28-03-2026,0.06%,425,tv_backtester_jan_2024
HA Trend BINANCEUSDT.P 2026-04-03 (1),SOL,4h,591208.07,5912.08,59.1208,110.9,0.2045,66.28,66.28,9.43,2.9,1945.04,405.24,4.8,93.5,-11229.2,-15.76,-70106.56,-11.66,-303.01,-3.03,0.0,0.0,,PROMISING,TIER_2,75,10000,601208.07,2005_days,04-10-2020,01-04-2026,0.06%,513,tv_backtester_jan_2024
HA Trend BINANCEUSDT.P 2026-04-03,SOL,4h,591208.07,5912.08,59.1208,110.9,0.2045,66.28,66.28,9.43,2.9,1945.04,405.24,4.8,93.5,-11229.2,-15.76,-70106.56,-11.66,-303.01,-3.03,0.0,0.0,,PROMISING,TIER_2,76,10000,601208.07,2005_days,04-10-2020,01-04-2026,0.06%,513,tv_backtester_jan_2024
PSAR Trend BINANCEUSDT.P 2026-04-04,LINK,4h,944526.38,9445.26,94.4526,109.8,0.2031,85.37,85.37,13.18,2.68,3244.71,1436.26,2.26,60.0,-15664.68,-1.62,-77558.14,-8.03,0.0,0.0,-10932.11,-1.13,HIGH_WR,PROMISING,TIER_2,77,10000,954526.38,2247_days,05-02-2020,02-04-2026,0.06%,369,tv_backtester_jan_2024
Aroon Trend BINANCEUSDT.P 2026-04-03,LDO,4h,111499.34,1114.99,11.1499,107.09,0.1995,86.57,86.57,11.29,3.22,703.08,401.34,1.75,58.6,-1813.79,-1.59,-10836.06,-8.92,0.0,0.0,0.0,0.0,HIGH_WR,PROMISING,TIER_2,78,10000,121499.34,1253_days,21-10-2022,28-03-2026,0.06%,201,tv_backtester_jan_2024
Aroon Trend BINANCEUSDT.P 2026-04-04,SUI,4h,67046.9,670.47,6.7047,105.27,0.1971,86.36,86.36,16.17,3.72,470.17,184.13,2.55,62.0,-950.47,-1.62,-4419.14,-5.74,0.0,0.0,0.0,0.0,HIGH_WR,PROMISING,TIER_2,79,10000,77046.9,1037_days,30-05-2023,02-04-2026,0.06%,176,tv_backtester_jan_2024
KC Breakout BINANCEUSDT.P 2026-04-04,BNB,4h,757301.8,7573.02,75.7302,104.37,0.1959,78.8,78.8,15.82,3.18,2363.77,555.52,4.26,71.5,-20326.08,-3.21,-51107.66,-6.66,-686.94,-6.87,0.0,0.0,,PROMISING,TIER_2,80,10000,767301.8,2218_days,05-03-2020,02-04-2026,0.06%,434,tv_backtester_jan_2024
HA Trend BINANCEUSDT.P 2026-04-03,ADA,4h,714133.53,7141.34,71.4134,101.47,0.192,69.35,69.35,10.58,2.98,2037.91,435.9,4.68,91.3,-17958.19,-2.42,-74538.41,-10.04,-1325.56,-13.26,-17958.19,-2.42,,PROMISING,TIER_2,81,10000,724133.53,2233_days,19-02-2020,02-04-2026,0.06%,558,tv_backtester_jan_2024
Aroon Trend BINANCEUSDT 2026-04-03,LDO,4h,134351.34,1343.51,13.4351,100.77,0.191,82.57,82.57,10.24,2.82,827.15,382.51,2.16,56.9,-2016.8,-3.25,-14535.46,-10.07,-234.88,-2.35,0.0,0.0,HIGH_WR,PROMISING,TIER_2,82,10000,144351.34,1399_days,29-05-2022,28-03-2026,0.06%,218,tv_backtester_jan_2024
PSAR Trend BINANCEUSDT.P 2026-04-03,LDO,4h,97361.7,973.62,9.7362,98.99,0.1886,82.61,82.61,12.78,2.63,694.91,258.28,2.69,53.3,-1804.76,-4.82,-8264.86,-7.7,0.0,0.0,0.0,0.0,HIGH_WR,PROMISING,TIER_2,83,10000,107361.7,1260_days,12-10-2022,26-03-2026,0.06%,184,tv_backtester_jan_2024
39 Chandelier Exit BINANCEUSDT.P 2026-04-03,LDO,4h,91570.92,915.71,9.1571,96.44,0.185,86.67,86.67,7.7,2.63,735.99,621.62,1.18,48.1,-2349.8,-3.35,-13675.68,-13.46,0.0,0.0,0.0,0.0,HIGH_WR,PROMISING,TIER_2,84,10000,101570.92,1254_days,20-10-2022,27-03-2026,0.06%,165,tv_backtester_jan_2024
Breakout Retest BINANCEUSDT.P 2026-04-03,AVAX,4h,341174.13,3411.74,34.1174,91.97,0.1787,82.56,82.56,12.25,2.98,1601.32,619.02,2.59,51.5,-5519.77,-1.61,-30332.02,-8.64,0.0,0.0,0.0,0.0,HIGH_WR,PROMISING,TIER_2,85,10000,351174.13,1993_days,13-10-2020,30-03-2026,0.06%,281,tv_backtester_jan_2024
PSAR Trend BINANCEUSDT 2026-04-03,LDO,4h,105689.67,1056.9,10.569,90.28,0.1763,83.25,83.25,8.95,2.59,725.51,402.83,1.8,51.8,-1338.58,-1.61,-13293.49,-11.49,0.0,0.0,0.0,0.0,HIGH_WR,PROMISING,TIER_2,86,10000,115689.67,1390_days,06-06-2022,27-03-2026,0.06%,197,tv_backtester_jan_2024
Momentum V2 BINANCEUSDT.P 2026-04-03,SUI,4h,49957.76,499.58,4.9958,89.19,0.1747,85.71,85.71,23.12,3.42,414.41,107.52,3.85,52.3,-722.1,-1.62,-2257.99,-3.77,0.0,0.0,0.0,0.0,HIGH_WR,PROMISING,TIER_2,87,10000,59957.76,1026_days,30-05-2023,22-03-2026,0.06%,147,tv_backtester_jan_2024
PSAR Trend BINANCEUSDT.P 2026-04-04,AVAX,4h,307763.86,3077.64,30.7764,88.25,0.1733,81.47,81.47,9.34,2.69,1351.62,636.19,2.12,57.2,-3095.83,-1.75,-36898.78,-11.61,0.0,0.0,0.0,0.0,HIGH_WR,PROMISING,TIER_2,88,10000,317763.86,1997_days,12-10-2020,02-04-2026,0.06%,313,tv_backtester_jan_2024
KC Breakout BINANCEUSDT.P 2026-04-04,XRP,4h,455203.49,4552.03,45.5203,86.88,0.1713,71.47,71.47,6.35,2.25,2054.22,810.06,2.54,59.9,-7648.48,-3.76,-85056.05,-18.01,0.0,0.0,-7160.75,-1.52,,PROMISING,TIER_2,89,10000,465203.49,2243_days,04-02-2020,27-03-2026,0.06%,368,tv_backtester_jan_2024
KC Breakout BINANCEUSDT.P 2026-04-04,SOL,4h,280475.46,2804.75,28.0475,85.18,0.1688,64.73,64.73,7.15,2.28,1168.67,299.89,3.9,78.8,-4664.34,-12.35,-45583.59,-15.69,-1766.97,-17.67,0.0,0.0,,PROMISING,TIER_2,90,10000,290475.46,1997_days,06-10-2020,27-03-2026,0.06%,431,tv_backtester_jan_2024
KC Breakout BINANCEUSDT.P 2026-04-03,SOL,4h,280475.46,2804.75,28.0475,85.18,0.1688,64.73,64.73,7.15,2.28,1168.67,299.89,3.9,78.8,-4664.34,-12.35,-45583.59,-15.69,-1766.97,-17.67,0.0,0.0,,PROMISING,TIER_2,91,10000,290475.46,1997_days,06-10-2020,27-03-2026,0.06%,431,tv_backtester_jan_2024
Momentum V2 BINANCEUSDT.P 2026-04-03,LINK,4h,432520.98,4325.21,43.2521,85.16,0.1688,83.69,83.69,14.87,2.53,1704.83,588.54,2.9,52.8,-7212.75,-1.62,-31192.37,-7.02,0.0,0.0,-2021.31,-0.45,HIGH_WR,PROMISING,TIER_2,92,10000,442520.98,2247_days,05-02-2020,02-04-2026,0.06%,325,tv_backtester_jan_2024
Aroon Trend BINANCEUSDT.P 2026-04-04,AVAX,4h,278984.26,2789.84,27.8984,85.01,0.1686,83.93,83.93,8.4,2.52,1236.99,769.08,1.61,55.8,-8395.9,-3.2,-37684.7,-13.04,0.0,0.0,0.0,0.0,HIGH_WR,PROMISING,TIER_2,93,10000,288984.26,1997_days,12-10-2020,02-04-2026,0.06%,305,tv_backtester_jan_2024
Aroon Trend BINANCEUSDT.P 2026-04-04,LINK,4h,394354.06,3943.54,39.4354,82.46,0.1648,86.34,86.34,13.11,2.74,1350.98,651.11,2.07,59.5,-6552.0,-1.62,-32555.31,-8.05,-196.22,-1.96,0.0,0.0,HIGH_WR,PROMISING,TIER_2,94,10000,404354.06,2247_days,05-02-2020,02-04-2026,0.06%,366,tv_backtester_jan_2024
Momentum V2 BINANCEUSDT.P 2026-04-03,AVAX,4h,255516.27,2555.16,25.5516,82.11,0.1643,84.73,84.73,14.78,2.78,1234.53,463.71,2.66,47.9,-4337.04,-1.62,-18548.33,-6.94,0.0,0.0,-1561.36,-0.58,HIGH_WR,PROMISING,TIER_2,95,10000,265516.27,1998_days,12-10-2020,02-04-2026,0.06%,262,tv_backtester_jan_2024
PSAR Trend BINANCEUSDT.P 2026-04-03,ETH,4h,409944.62,4099.45,40.9945,81.46,0.1633,85.4,85.4,11.03,2.4,1454.23,771.09,1.89,57.9,-5739.5,-1.62,-40867.57,-9.73,0.0,0.0,0.0,0.0,HIGH_WR,PROMISING,TIER_2,96,10000,419944.62,2291_days,23-12-2019,02-04-2026,0.06%,363,tv_backtester_jan_2024
39 Chandelier Exit BINANCEUSDT 2026-04-03,LDO,4h,84058.47,840.58,8.4058,79.75,0.1607,81.18,81.18,6.41,2.46,659.52,443.67,1.49,48.7,-2196.55,-3.22,-15528.59,-16.51,-78.31,-0.78,0.0,0.0,HIGH_WR,PROMISING,TIER_2,97,10000,94058.47,1396_days,31-05-2022,27-03-2026,0.06%,186,tv_backtester_jan_2024
HA Trend BINANCEUSDT.P 2026-04-03,BTC,4h,436014.12,4360.14,43.6014,79.33,0.16,76.51,76.51,10.51,3.42,999.68,309.68,3.23,96.9,-6705.44,-1.73,-45833.24,-10.27,0.0,0.0,-471.73,-0.11,,PROMISING,TIER_2,98,10000,446014.12,2375_days,28-09-2019,30-03-2026,0.06%,630,tv_backtester_jan_2024
ADX DI Cross BINANCEUSDT.P 2026-04-03,LDO,4h,60519.31,605.19,6.0519,76.88,0.1563,87.5,87.5,12.27,3.17,470.63,268.46,1.75,46.7,-897.53,-1.62,-5369.17,-7.61,0.0,0.0,0.0,0.0,HIGH_WR,PROMISING,TIER_2,99,10000,70519.31,1251_days,24-10-2022,28-03-2026,0.06%,160,tv_backtester_jan_2024
Momentum V2 BINANCEUSDT.P 2026-04-03,LDO,4h,61178.59,611.79,6.1179,76.8,0.1561,84.66,84.66,9.48,2.74,459.03,267.28,1.72,51.1,-1117.41,-3.18,-7216.68,-10.14,0.0,0.0,0.0,0.0,HIGH_WR,PROMISING,TIER_2,100,10000,71178.59,1258_days,16-10-2022,28-03-2026,0.06%,176,tv_backtester_jan_2024
Williams %R BINANCEUSDT.P 2026-04-04,AVAX,4h,211519.3,2115.19,21.1519,76.43,0.1556,82.35,82.35,11.45,2.97,973.75,396.72,2.45,53.0,-3156.37,-1.61,-20232.59,-9.13,-16.7,-0.17,0.0,0.0,HIGH_WR,PROMISING,TIER_2,101,10000,221519.3,1993_days,15-10-2020,31-03-2026,0.06%,289,tv_backtester_jan_2024
HA Trend BINANCEUSDT 2026-04-03,BTC,4h,1245650.42,12456.5,124.565,75.95,0.1548,76.0,76.0,9.17,2.97,2229.95,770.35,2.89,96.5,-18895.79,-1.73,-152529.17,-12.13,0.0,0.0,-1549.38,-0.12,,PROMISING,TIER_2,102,10000,1255650.42,3124_days,09-09-2017,30-03-2026,0.06%,825,tv_backtester_jan_2024
PSAR Trend BINANCEUSDT.P 2026-04-03,DOT,4h,217810.73,2178.11,21.7811,75.84,0.1546,79.43,79.43,8.51,3.01,983.27,446.0,2.2,57.1,-7875.14,-3.34,-28990.29,-12.3,-151.8,-1.52,-7875.14,-3.34,,PROMISING,TIER_2,103,10000,227810.73,2023_days,17-09-2020,02-04-2026,0.06%,316,tv_backtester_jan_2024
Williams %R BINANCEUSDT 2026-04-03,LDO,4h,75884.9,758.85,7.5885,75.46,0.1541,81.82,81.82,8.69,2.95,529.33,274.06,1.93,51.8,-1052.44,-1.62,-9866.08,-11.49,0.0,0.0,0.0,0.0,HIGH_WR,PROMISING,TIER_2,104,10000,85884.9,1397_days,06-06-2022,03-04-2026,0.06%,198,tv_backtester_jan_2024
6 BB Squeeze V2 BINANCEUSDT.P 2026-04-02 ,LDO,4h,57358.14,573.58,5.7358,74.53,0.1526,89.43,89.43,13.16,2.67,564.33,362.94,1.55,35.9,-877.3,-1.61,-4718.24,-7.0,0.0,0.0,0.0,0.0,HIGH_WR,PROMISING,TIER_2,105,10000,67358.14,1251_days,17-10-2022,22-03-2026,0.06%,123,tv_backtester_jan_2024
Momentum V2 BINANCEUSDT 2026-04-03,LDO,4h,74080.36,740.8,7.408,74.35,0.1523,82.38,82.38,7.09,2.6,542.41,357.74,1.52,50.4,-1659.92,-3.08,-12163.28,-14.47,0.0,0.0,0.0,0.0,HIGH_WR,PROMISING,TIER_2,106,10000,84080.36,1399_days,28-05-2022,28-03-2026,0.06%,193,tv_backtester_jan_2024
Aroon Trend BINANCEUSDT.P 2026-04-03,DOT,4h,207387.42,2073.87,20.7387,74.12,0.1519,80.77,80.77,8.36,3.15,862.92,433.7,1.99,60.9,-6196.61,-2.77,-28190.34,-12.61,0.0,0.0,-6196.61,-2.77,HIGH_WR,PROMISING,TIER_2,107,10000,217387.42,2028_days,12-09-2020,02-04-2026,0.06%,338,tv_backtester_jan_2024
Williams %R BINANCEUSDT.P 2026-04-04,SUI,4h,37895.35,378.95,3.7895,73.26,0.1506,88.82,88.82,10.62,3.28,309.89,231.78,1.34,53.3,-834.18,-2.79,-3940.27,-8.23,0.0,0.0,0.0,0.0,HIGH_WR,PROMISING,TIER_2,108,10000,47895.35,1041_days,26-05-2023,01-04-2026,0.06%,152,tv_backtester_jan_2024
Williams %R BINANCEUSDT.P 2026-04-03,LDO,4h,57115.35,571.15,5.7115,73.2,0.1505,81.32,81.32,9.41,3.05,431.79,199.71,2.16,52.5,-890.76,-3.36,-6789.99,-10.12,0.0,0.0,0.0,0.0,HIGH_WR,PROMISING,TIER_2,109,10000,67115.35,1266_days,14-10-2022,03-04-2026,0.06%,182,tv_backtester_jan_2024
Aroon Trend BINANCEUSDT 2026-04-03,ETH,4h,1092880.38,10928.8,109.288,73.12,0.1504,81.59,81.59,10.71,2.26,2863.32,1185.03,2.42,60.2,-13319.69,-1.66,-112578.07,-10.21,-161.34,-1.61,0.0,0.0,HIGH_WR,PROMISING,TIER_2,110,10000,1102880.38,3130_days,07-09-2017,03-04-2026,0.06%,516,tv_backtester_jan_2024
PSAR Trend BINANCEUSDT 2026-04-03,ETH,4h,994239.02,9942.39,99.4239,71.33,0.1475,82.91,82.91,10.46,2.43,2833.37,1313.86,2.16,54.7,-13926.12,-1.61,-105109.13,-10.47,0.0,0.0,0.0,0.0,HIGH_WR,PROMISING,TIER_2,111,10000,1004239.02,3127_days,08-09-2017,02-04-2026,0.06%,468,tv_backtester_jan_2024
Williams %R BINANCEUSDT.P 2026-04-04,LINK,4h,252864.74,2528.65,25.2865,70.82,0.1467,83.07,83.07,9.72,2.69,1084.12,547.28,1.98,51.3,-4825.08,-2.67,-29006.02,-11.03,-389.68,-3.9,0.0,0.0,HIGH_WR,PROMISING,TIER_2,112,10000,262864.74,2230_days,20-02-2020,30-03-2026,0.06%,313,tv_backtester_jan_2024
Momentum V2 BINANCEUSDT 2026-04-03,DOT,4h,182797.8,1827.98,18.2798,70.26,0.1458,79.64,79.64,12.66,3.28,890.01,274.99,3.24,50.4,-6290.61,-3.16,-15674.4,-7.87,-159.69,-1.6,-6290.61,-3.16,,PROMISING,TIER_2,113,10000,192797.8,2031_days,08-09-2020,02-04-2026,0.06%,280,tv_backtester_jan_2024
Aroon Trend BINANCEUSDT.P 2026-04-03,ETH,4h,261293.3,2612.93,26.1293,69.84,0.1451,83.78,83.78,9.37,2.49,928.64,511.92,1.81,60.3,-3580.58,-1.61,-31226.97,-11.51,0.0,0.0,0.0,0.0,HIGH_WR,PROMISING,TIER_2,114,10000,271293.3,2276_days,21-12-2019,16-03-2026,0.06%,376,tv_backtester_jan_2024
Williams %R BINANCEUSDT 2026-04-03,DOT,4h,172195.16,1721.95,17.2195,69.19,0.1441,78.82,78.82,8.44,2.38,772.09,340.36,2.27,58.2,-6386.44,-3.39,-23144.58,-12.27,-117.79,-1.18,-6386.44,-3.39,,PROMISING,TIER_2,115,10000,182195.16,2016_days,09-09-2020,19-03-2026,0.06%,321,tv_backtester_jan_2024
Breakout Retest BINANCEUSDT.P 2026-04-03,LDO,4h,50206.64,502.07,5.0207,68.76,0.1434,74.4,74.4,7.69,2.79,461.72,174.63,2.64,49.0,-957.65,-1.63,-7508.93,-12.47,-119.76,-1.2,0.0,0.0,,PROMISING,TIER_2,116,10000,60206.64,1253_days,19-10-2022,25-03-2026,0.06%,168,tv_backtester_jan_2024
TRIX Signal BINANCEUSDT.P 2026-04-04,SUI,4h,32473.35,324.73,3.2473,67.01,0.1405,85.85,85.85,11.47,2.69,390.95,206.85,1.89,37.6,-1138.24,-3.21,-3102.8,-7.31,0.0,0.0,0.0,0.0,HIGH_WR,PROMISING,TIER_2,117,10000,42473.35,1030_days,31-05-2023,27-03-2026,0.06%,106,tv_backtester_jan_2024
Momentum V2 BINANCEUSDT.P 2026-04-03,DOT,4h,162077.65,1620.78,16.2078,66.94,0.1404,79.06,79.06,10.46,3.13,818.3,295.34,2.77,49.9,-8504.74,-4.71,-17129.73,-9.49,0.0,0.0,-8504.74,-4.71,,PROMISING,TIER_2,118,10000,172077.65,2028_days,11-09-2020,02-04-2026,0.06%,277,tv_backtester_jan_2024
TRIX Signal BINANCEUSDT.P 2026-04-03,LDO,4h,47935.92,479.36,4.7936,66.88,0.1403,87.18,87.18,19.15,2.49,495.86,176.12,2.82,34.1,-785.78,-1.6,-2641.8,-4.56,-16.47,-0.16,0.0,0.0,HIGH_WR,PROMISING,TIER_2,119,10000,57935.92,1253_days,22-10-2022,28-03-2026,0.06%,117,tv_backtester_jan_2024
Aroon Trend BINANCEUSDT.P 2026-04-03,ADA,4h,213253.42,2132.53,21.3253,66.46,0.1396,74.21,74.21,22.0,2.54,862.57,112.81,7.65,57.3,-2129.76,-1.62,-10152.71,-4.55,-593.63,-5.94,0.0,0.0,,PROMISING,TIER_2,120,10000,223253.42,2226_days,20-02-2020,26-03-2026,0.06%,349,tv_backtester_jan_2024
TRIX Signal BINANCEUSDT 2026-04-03,LDO,4h,59814.91,598.15,5.9815,66.27,0.1393,85.37,85.37,17.28,2.39,604.65,204.06,2.96,32.2,-977.41,-1.64,-3673.1,-5.26,0.0,0.0,0.0,0.0,HIGH_WR,PROMISING,TIER_2,121,10000,69814.91,1396_days,01-06-2022,28-03-2026,0.06%,123,tv_backtester_jan_2024
ADX DI Cross BINANCEUSDT 2026-04-03,LDO,4h,58374.08,583.74,5.8374,65.78,0.1385,81.46,81.46,6.54,2.71,475.26,319.36,1.49,46.8,-973.84,-1.61,-10539.0,-15.41,-128.4,-1.28,0.0,0.0,HIGH_WR,PROMISING,TIER_2,122,10000,68374.08,1389_days,07-06-2022,28-03-2026,0.06%,178,tv_backtester_jan_2024
6 BB Squeeze V2 BINANCEUSDT 2026-04-03,LDO,4h,58489.55,584.9,5.849,65.68,0.1383,86.67,86.67,16.77,2.4,531.62,206.1,2.58,35.4,-873.56,-8.42,-3709.88,-5.42,-500.7,-5.01,0.0,0.0,HIGH_WR,PROMISING,TIER_2,123,10000,68489.55,1392_days,30-05-2022,22-03-2026,0.06%,135,tv_backtester_jan_2024
Aroon Trend BINANCEUSDT.P 2026-04-04,XRP,4h,206007.11,2060.07,20.6007,64.57,0.1365,72.99,72.99,10.62,2.83,809.37,206.01,3.93,62.4,-2265.95,-1.62,-21425.01,-9.92,-435.81,-4.36,0.0,0.0,,PROMISING,TIER_2,124,10000,216007.11,2253_days,31-01-2020,02-04-2026,0.06%,385,tv_backtester_jan_2024
6 BB Squeeze V2 BINANCEUSDT 2026-04-02,SUI,4h,30740.01,307.4,3.074,63.54,0.1348,82.47,82.47,13.63,2.71,414.68,143.18,2.9,34.0,-628.12,-3.19,-2434.14,-5.97,0.0,0.0,0.0,0.0,HIGH_WR,PROMISING,TIER_2,125,10000,40740.01,1043_days,24-05-2023,01-04-2026,0.06%,97,tv_backtester_jan_2024
Williams %R BINANCEUSDT.P 2026-04-03,DOT,4h,143679.8,1436.8,14.368,63.53,0.1348,77.6,77.6,8.64,2.36,660.51,264.86,2.49,57.1,-5321.69,-3.35,-18805.16,-11.83,-89.5,-0.9,-5321.69,-3.35,,PROMISING,TIER_2,126,10000,153679.8,2029_days,10-09-2020,01-04-2026,0.06%,317,tv_backtester_jan_2024
Breakout Retest BINANCEUSDT.P 2026-04-03,LINK,4h,192657.0,1926.57,19.2657,63.37,0.1345,83.73,83.73,8.4,2.97,885.38,542.34,1.63,48.1,-3866.95,-3.19,-26032.55,-12.85,0.0,0.0,0.0,0.0,HIGH_WR,PROMISING,TIER_2,127,10000,202657.0,2239_days,13-02-2020,01-04-2026,0.06%,295,tv_backtester_jan_2024
6 BB Squeeze V2 BINANCEUSDT 2026-04-03,SUI,4h,30402.24,304.02,3.0402,63.06,0.134,81.44,81.44,13.46,2.7,415.71,135.51,3.07,34.0,-625.71,-3.19,-2439.11,-6.04,0.0,0.0,0.0,0.0,HIGH_WR,PROMISING,TIER_2,128,10000,40402.24,1043_days,24-05-2023,01-04-2026,0.06%,97,tv_backtester_jan_2024
Breakout Retest BINANCEUSDT.P 2026-04-03,SUI,4h,30009.91,300.1,3.001,62.43,0.1329,83.87,83.87,7.41,2.95,333.57,234.05,1.43,43.4,-932.29,-2.4,-4681.09,-11.7,0.0,0.0,0.0,0.0,HIGH_WR,PROMISING,TIER_2,129,10000,40009.91,1044_days,22-05-2023,01-04-2026,0.06%,124,tv_backtester_jan_2024
Breakout Retest BINANCEUSDT 2026-04-03,LDO,4h,53185.59,531.86,5.3186,62.21,0.1325,78.53,78.53,6.63,2.71,450.54,248.39,1.81,46.4,-999.2,-1.6,-9438.92,-14.94,-63.56,-0.64,0.0,0.0,,PROMISING,TIER_2,130,10000,63185.59,1392_days,02-06-2022,25-03-2026,0.06%,177,tv_backtester_jan_2024
Momentum V2 BINANCEUSDT 2026-04-03,ETH,4h,600484.68,6004.85,60.0485,61.65,0.1316,80.09,80.09,11.38,2.19,1798.69,635.56,2.83,53.4,-8871.79,-1.61,-57835.62,-9.47,0.0,0.0,0.0,0.0,HIGH_WR,PROMISING,TIER_2,131,10000,610484.68,3127_days,08-09-2017,02-04-2026,0.06%,457,tv_backtester_jan_2024
Momentum V2 BINANCEUSDT.P 2026-04-03,ETH,4h,192789.12,1927.89,19.2789,61.48,0.1313,81.36,81.36,11.12,2.43,735.55,288.64,2.55,56.4,-2933.19,-1.61,-19050.3,-9.39,0.0,0.0,0.0,0.0,HIGH_WR,PROMISING,TIER_2,132,10000,202789.12,2294_days,21-12-2019,02-04-2026,0.06%,354,tv_backtester_jan_2024
PSAR Trend BINANCEUSDT.P 2026-04-03,ADA,4h,176969.99,1769.7,17.697,61.44,0.1312,73.95,73.95,8.77,2.62,808.64,261.67,3.09,54.6,-4257.96,-2.89,-22765.04,-12.12,-744.58,-7.45,-845.73,-0.45,,PROMISING,TIER_2,133,10000,186969.99,2233_days,20-02-2020,02-04-2026,0.06%,334,tv_backtester_jan_2024
6 BB Squeeze V2 BINANCEUSDT 2026-04-02 ,SUI,4h,29155.67,291.56,2.9156,61.28,0.131,84.54,84.54,13.12,2.82,384.9,160.4,2.4,34.0,-631.83,-3.19,-2406.05,-6.14,0.0,0.0,0.0,0.0,HIGH_WR,PROMISING,TIER_2,134,10000,39155.67,1043_days,24-05-2023,01-04-2026,0.06%,97,tv_backtester_jan_2024
BB Squeeze V2 TimeFilter BINANCEUSDT 2026-04-03,LDO,4h,51361.2,513.61,5.1361,61.19,0.1308,86.57,86.57,13.03,2.68,479.57,237.19,2.02,35.3,-800.45,-3.17,-4269.47,-6.96,0.0,0.0,0.0,0.0,HIGH_WR,PROMISING,TIER_2,135,10000,61361.2,1388_days,30-05-2022,18-03-2026,0.06%,134,tv_backtester_jan_2024
Aroon Trend BINANCEUSDT.P 2026-04-03,BTC,4h,211009.85,2110.1,21.101,60.94,0.1304,80.62,80.62,13.46,3.56,629.68,194.64,3.24,69.0,-2467.33,-1.64,-16933.52,-7.66,0.0,0.0,0.0,0.0,HIGH_WR,PROMISING,TIER_2,136,10000,221009.85,2376_days,30-09-2019,02-04-2026,0.06%,449,tv_backtester_jan_2024
39 Chandelier Exit BINANCEUSDT.P 2026-04-04,SUI,4h,28260.96,282.61,2.8261,60.42,0.1295,84.03,84.03,7.78,2.96,324.3,219.41,1.48,41.9,-531.47,-3.2,-4168.73,-10.9,-150.71,-1.51,0.0,0.0,HIGH_WR,PROMISING,TIER_2,137,10000,38260.96,1037_days,30-05-2023,02-04-2026,0.06%,119,tv_backtester_jan_2024
39 Chandelier Exit BINANCEUSDT.P 2026-04-04,XRP,4h,173863.17,1738.63,17.3863,60.19,0.1291,79.43,79.43,19.46,2.7,818.21,162.36,5.04,45.6,-2449.53,-1.62,-9416.81,-5.12,-247.76,-2.48,0.0,0.0,,PROMISING,TIER_2,138,10000,183863.17,2257_days,27-01-2020,02-04-2026,0.06%,282,tv_backtester_jan_2024
ADX DI Cross BINANCEUSDT.P 2026-04-04,SUI,4h,27141.06,271.41,2.7141,58.75,0.1266,83.72,83.72,7.3,2.87,291.22,205.25,1.42,45.4,-889.41,-6.42,-4310.19,-11.6,0.0,0.0,0.0,0.0,HIGH_WR,PROMISING,TIER_2,139,10000,37141.06,1037_days,31-05-2023,02-04-2026,0.06%,129,tv_backtester_jan_2024
39 Chandelier Exit BINANCEUSDT.P 2026-04-03,DOT,4h,117059.26,1170.59,11.7059,58.61,0.1264,81.22,81.22,9.9,2.81,700.05,305.82,2.29,41.6,-5269.14,-3.98,-13150.32,-9.94,0.0,0.0,-5269.14,-3.98,HIGH_WR,PROMISING,TIER_2,140,10000,127059.26,2013_days,12-09-2020,19-03-2026,0.06%,229,tv_backtester_jan_2024
Engulfing V2 BINANCEUSDT.P 2026-04-03,SUI,4h,27351.72,273.52,2.7352,58.5,0.1262,83.81,83.81,8.19,2.83,354.06,223.86,1.58,36.7,-1064.09,-3.22,-3805.6,-10.19,0.0,0.0,0.0,0.0,HIGH_WR,PROMISING,TIER_2,141,10000,37351.72,1045_days,22-05-2023,01-04-2026,0.06%,105,tv_backtester_jan_2024
39 Chandelier Exit BINANCEUSDT.P 2026-04-04,AVAX,4h,113028.79,1130.29,11.3029,58.33,0.1259,82.79,82.79,9.71,2.55,623.77,308.88,2.02,44.7,-1718.86,-1.62,-12972.81,-10.54,-261.44,-2.61,0.0,0.0,HIGH_WR,PROMISING,TIER_2,142,10000,123028.79,1995_days,14-10-2020,02-04-2026,0.06%,244,tv_backtester_jan_2024
39 Chandelier Exit BINANCEUSDT.P 2026-04-04,LINK,4h,154263.16,1542.63,15.4263,58.16,0.1256,82.92,82.92,12.71,2.41,718.62,274.47,2.62,46.0,-1730.45,-1.62,-13174.64,-8.02,0.0,0.0,0.0,0.0,HIGH_WR,PROMISING,TIER_2,143,10000,164263.16,2230_days,22-02-2020,02-04-2026,0.06%,281,tv_backtester_jan_2024
PSAR Trend BINANCEUSDT.P 2026-04-04,XRP,4h,157095.67,1570.96,15.7096,57.86,0.1251,76.77,76.77,15.72,3.01,704.91,148.23,4.76,50.3,-2437.26,-1.68,-10672.56,-6.39,-79.71,-0.8,0.0,0.0,,PROMISING,TIER_2,144,10000,167095.67,2253_days,29-01-2020,31-03-2026,0.06%,310,tv_backtester_jan_2024
ADX DI Cross BINANCEUSDT.P 2026-04-04,LINK,4h,144047.19,1440.47,14.4047,55.97,0.1218,83.21,83.21,9.38,2.65,691.97,365.59,1.89,45.5,-1488.34,-1.61,-17182.85,-11.15,0.0,0.0,0.0,0.0,HIGH_WR,PROMISING,TIER_2,145,10000,154047.19,2247_days,05-02-2020,02-04-2026,0.06%,280,tv_backtester_jan_2024
Aroon Trend BINANCEUSDT.P 2026-04-03,SOL,4h,104069.96,1040.7,10.407,55.81,0.1215,67.3,67.3,10.24,3.1,544.01,109.31,4.98,57.4,-5092.84,-15.92,-11259.3,-9.87,-104.08,-1.04,0.0,0.0,,PROMISING,TIER_2,146,10000,114069.96,2005_days,05-10-2020,02-04-2026,0.06%,315,tv_backtester_jan_2024
Aroon Trend BINANCEUSDT.P 2026-04-04,SOL,4h,104069.96,1040.7,10.407,55.81,0.1215,67.3,67.3,10.24,3.1,544.01,109.31,4.98,57.4,-5092.84,-15.92,-11259.3,-9.87,-104.08,-1.04,0.0,0.0,,PROMISING,TIER_2,147,10000,114069.96,2005_days,05-10-2020,02-04-2026,0.06%,315,tv_backtester_jan_2024
ADX DI Cross BINANCEUSDT.P 2026-04-04,AVAX,4h,101025.05,1010.25,10.1025,55.38,0.1207,86.67,86.67,13.46,3.19,559.65,270.19,2.07,41.2,-1427.92,-1.62,-8105.79,-7.3,0.0,0.0,0.0,0.0,HIGH_WR,PROMISING,TIER_2,148,10000,111025.05,1995_days,14-10-2020,02-04-2026,0.06%,225,tv_backtester_jan_2024
PSAR Trend BINANCEUSDT.P 2026-04-03,SOL,4h,100930.5,1009.3,10.093,55.08,0.1202,67.99,67.99,6.65,2.8,532.65,170.01,3.13,59.8,-3256.82,-12.45,-17851.08,-16.09,-471.84,-4.72,0.0,0.0,,PROMISING,TIER_2,149,10000,110930.5,2003_days,06-10-2020,02-04-2026,0.06%,328,tv_backtester_jan_2024
PSAR Trend BINANCEUSDT.P 2026-04-04,SOL,4h,100930.5,1009.3,10.093,55.08,0.1202,67.99,67.99,6.65,2.8,532.65,170.01,3.13,59.8,-3256.82,-12.45,-17851.08,-16.09,-471.84,-4.72,0.0,0.0,,PROMISING,TIER_2,150,10000,110930.5,2003_days,06-10-2020,02-04-2026,0.06%,328,tv_backtester_jan_2024
Momentum V2 BINANCEUSDT.P 2026-04-03,XRP,4h,131977.23,1319.77,13.1977,54.04,0.1184,70.75,70.75,11.93,2.74,607.79,123.16,4.93,54.6,-1573.33,-1.62,-12070.08,-8.5,-466.19,-4.66,0.0,0.0,,PROMISING,TIER_2,151,10000,141977.23,2243_days,09-02-2020,01-04-2026,0.06%,335,tv_backtester_jan_2024
Breakout Retest BINANCEUSDT.P 2026-04-03,DOT,4h,99075.95,990.76,9.9076,53.84,0.118,79.85,79.85,8.75,2.84,522.72,236.76,2.21,48.3,-4339.36,-3.83,-12785.28,-11.27,0.0,0.0,-4339.36,-3.83,,PROMISING,TIER_2,152,10000,109075.95,2026_days,14-09-2020,02-04-2026,0.06%,268,tv_backtester_jan_2024
Engulfing V2 BINANCEUSDT.P 2026-04-03,AVAX,4h,88838.93,888.39,8.8839,53.62,0.1176,86.88,86.88,20.42,2.62,672.05,217.88,3.08,30.0,-909.62,-1.6,-4575.49,-4.63,0.0,0.0,0.0,0.0,HIGH_WR,PROMISING,TIER_2,153,10000,98838.93,1949_days,12-10-2020,12-02-2026,0.06%,160,tv_backtester_jan_2024
Williams %R BINANCEUSDT.P 2026-04-03,ETH,4h,135230.86,1352.31,13.5231,53.17,0.1168,83.54,83.54,9.3,2.87,573.96,313.36,1.83,50.4,-2204.27,-1.62,-16294.65,-11.22,-17.51,-0.18,0.0,0.0,HIGH_WR,PROMISING,TIER_2,154,10000,145230.86,2292_days,22-12-2019,02-04-2026,0.06%,316,tv_backtester_jan_2024
Aroon Trend BINANCEUSDT 2026-04-03,BTC,4h,373758.17,3737.58,37.3758,53.06,0.1166,81.53,81.53,11.25,3.01,938.73,368.34,2.55,62.5,-5891.49,-1.65,-36465.23,-9.5,0.0,0.0,0.0,0.0,HIGH_WR,PROMISING,TIER_2,155,10000,383758.17,3130_days,06-09-2017,02-04-2026,0.06%,536,tv_backtester_jan_2024
Breakout Retest BINANCEUSDT.P 2026-04-03,SOL,4h,92449.75,924.5,9.245,53.05,0.1166,70.74,70.74,8.71,2.89,546.83,151.84,3.6,49.4,-3542.67,-10.63,-11995.57,-11.71,-671.47,-6.71,0.0,0.0,,PROMISING,TIER_2,156,10000,102449.75,1997_days,03-10-2020,23-03-2026,0.06%,270,tv_backtester_jan_2024
Breakout Retest BINANCEUSDT.P 2026-04-03 (1),SOL,4h,92449.75,924.5,9.245,53.05,0.1166,70.74,70.74,8.71,2.89,546.83,151.84,3.6,49.4,-3542.67,-10.63,-11995.57,-11.71,-671.47,-6.71,0.0,0.0,,PROMISING,TIER_2,157,10000,102449.75,1997_days,03-10-2020,23-03-2026,0.06%,270,tv_backtester_jan_2024
ADX DI Cross BINANCEUSDT 2026-04-03,ETH,4h,361983.23,3619.83,36.1983,52.75,0.116,85.37,85.37,18.35,2.41,1192.69,379.44,3.14,44.0,-1826.64,-1.62,-20869.45,-5.61,0.0,0.0,0.0,0.0,HIGH_WR,PROMISING,TIER_2,158,10000,371983.23,3118_days,18-09-2017,02-04-2026,0.06%,376,tv_backtester_jan_2024
PSAR Trend BINANCEUSDT.P 2026-04-03,BTC,4h,140517.03,1405.17,14.0517,51.77,0.1143,81.87,81.87,10.41,2.98,491.92,213.27,2.31,59.4,-2418.97,-1.61,-14929.16,-9.92,-0.7,-0.01,0.0,0.0,HIGH_WR,PROMISING,TIER_2,159,10000,150517.03,2374_days,30-09-2019,31-03-2026,0.06%,386,tv_backtester_jan_2024
ADX DI Cross BINANCEUSDT.P 2026-04-03,DOT,4h,90318.11,903.18,9.0318,51.73,0.1142,79.24,79.24,9.82,2.75,537.73,208.93,2.57,42.7,-3233.07,-3.12,-10237.58,-9.89,0.0,0.0,-3233.07,-3.12,,PROMISING,TIER_2,160,10000,100318.11,2020_days,19-09-2020,01-04-2026,0.06%,236,tv_backtester_jan_2024
ADX DI Cross BINANCEUSDT.P 2026-04-03,ETH,4h,126419.32,1264.19,12.6419,51.68,0.1141,86.01,86.01,19.42,2.83,541.8,171.57,3.16,45.6,-1110.95,-1.62,-6862.9,-5.03,0.0,0.0,0.0,0.0,HIGH_WR,PROMISING,TIER_2,161,10000,136419.32,2291_days,23-12-2019,02-04-2026,0.06%,286,tv_backtester_jan_2024
Breakout Retest BINANCEUSDT.P 2026-04-03,ADA,4h,114928.35,1149.28,11.4928,51.42,0.1137,68.06,68.06,5.31,1.87,722.47,289.95,2.49,47.3,-5342.93,-4.1,-26675.31,-20.48,-813.38,-8.13,-5342.93,-4.1,,PROMISING,TIER_2,162,10000,124928.35,2223_days,25-02-2020,28-03-2026,0.06%,288,tv_backtester_jan_2024
Breakout Retest BINANCEUSDT 2026-04-03,DOT,4h,90429.34,904.29,9.0429,51.35,0.1135,78.24,78.24,7.72,2.79,506.8,236.23,2.15,47.1,-3632.5,-3.49,-13465.2,-12.94,0.0,0.0,-3632.5,-3.49,,PROMISING,TIER_2,163,10000,100429.34,2033_days,07-09-2020,02-04-2026,0.06%,262,tv_backtester_jan_2024
6 BB Squeeze V2 BINANCEUSDT 2026-04-03,ETH,4h,335230.6,3352.31,33.5231,51.3,0.1134,80.88,80.88,13.23,2.31,1405.55,449.18,3.13,37.3,-4772.79,-1.61,-27400.12,-7.94,0.0,0.0,0.0,0.0,HIGH_WR,PROMISING,TIER_2,164,10000,345230.6,3124_days,08-09-2017,30-03-2026,0.06%,319,tv_backtester_jan_2024
Momentum V2 BINANCEUSDT.P 2026-04-03 (1),SOL,4h,79511.64,795.12,7.9512,49.13,0.1095,65.85,65.85,7.21,2.78,493.61,131.89,3.74,51.8,-4462.72,-14.4,-12793.6,-14.29,-147.59,-1.48,0.0,0.0,,TESTING,PAPER_TRADE,165,10000,89511.64,2003_days,06-10-2020,01-04-2026,0.06%,284,tv_backtester_jan_2024
Momentum V2 BINANCEUSDT.P 2026-04-03,SOL,4h,79511.64,795.12,7.9512,49.13,0.1095,65.85,65.85,7.21,2.78,493.61,131.89,3.74,51.8,-4462.72,-14.4,-12793.6,-14.29,-147.59,-1.48,0.0,0.0,,TESTING,PAPER_TRADE,166,10000,89511.64,2003_days,06-10-2020,01-04-2026,0.06%,284,tv_backtester_jan_2024
PSAR Trend BINANCEUSDT 2026-04-03,BTC,4h,292673.96,2926.74,29.2674,49.05,0.1093,80.25,80.25,11.83,2.84,836.92,287.55,2.91,55.7,-4665.39,-1.61,-27029.53,-8.93,0.0,0.0,0.0,0.0,HIGH_WR,TESTING,PAPER_TRADE,167,10000,302673.96,3121_days,13-09-2017,31-03-2026,0.06%,476,tv_backtester_jan_2024
Engulfing V2 BINANCEUSDT.P 2026-04-03,LDO,4h,29333.78,293.34,2.9334,48.88,0.109,80.0,80.0,7.71,2.15,401.23,208.08,1.93,30.5,-924.34,-3.21,-4369.69,-11.11,0.0,0.0,0.0,0.0,,TESTING,PAPER_TRADE,168,10000,39333.78,1257_days,17-10-2022,28-03-2026,0.06%,105,tv_backtester_jan_2024
Williams %R BINANCEUSDT 2026-04-03,ETH,4h,291629.06,2916.29,29.1629,48.83,0.1089,84.91,84.91,10.24,2.62,897.71,492.93,1.82,49.5,-4580.07,-1.62,-31547.68,-10.46,-161.54,-1.62,0.0,0.0,HIGH_WR,TESTING,PAPER_TRADE,169,10000,301629.06,3129_days,06-09-2017,02-04-2026,0.06%,424,tv_backtester_jan_2024
6 BB Squeeze V2 BINANCEUSDT.P 2026-04-02,LDO,4h,20250.92,202.51,2.0251,48.64,0.1086,77.0,77.0,6.03,2.4,315.31,175.12,1.8,35.8,-462.29,-2.28,-4027.81,-13.31,0.0,0.0,0.0,0.0,,TESTING,PAPER_TRADE,170,10000,30250.92,1020_days,05-06-2023,22-03-2026,0.06%,100,tv_backtester_jan_2024
TRIX Signal BINANCEUSDT.P 2026-04-04,LINK,4h,104436.04,1044.36,10.4436,48.62,0.1085,86.27,86.27,10.17,2.69,576.24,355.91,1.62,37.9,-1637.25,-1.72,-11389.03,-9.95,0.0,0.0,0.0,0.0,HIGH_WR,TESTING,PAPER_TRADE,171,10000,114436.04,2247_days,06-02-2020,02-04-2026,0.06%,233,tv_backtester_jan_2024
Aroon Trend BINANCEUSDT.P 2026-04-04,BNB,4h,100108.61,1001.09,10.0109,48.36,0.1081,72.25,72.25,10.76,2.92,419.66,101.59,4.13,59.9,-1305.67,-1.64,-10260.77,-9.32,-823.45,-8.23,0.0,0.0,,TESTING,PAPER_TRADE,172,10000,110108.61,2221_days,02-03-2020,02-04-2026,0.06%,364,tv_backtester_jan_2024
ADX DI Cross BINANCEUSDT.P 2026-04-04,XRP,4h,100597.12,1005.97,10.0597,47.77,0.107,80.97,80.97,9.45,2.71,518.42,233.32,2.22,43.5,-2176.36,-3.21,-11899.16,-10.76,-14.9,-0.15,0.0,0.0,HIGH_WR,TESTING,PAPER_TRADE,173,10000,110597.12,2248_days,27-01-2020,24-03-2026,0.06%,268,tv_backtester_jan_2024
TRIX Signal BINANCEUSDT.P 2026-04-03,DOT,4h,74753.55,747.54,7.4754,47.63,0.1067,81.6,81.6,10.39,2.25,478.13,204.17,2.34,38.6,-3265.64,-3.71,-7962.66,-9.05,0.0,0.0,-3265.64,-3.71,HIGH_WR,TESTING,PAPER_TRADE,174,10000,84753.55,2004_days,07-10-2020,03-04-2026,0.06%,212,tv_backtester_jan_2024
HA Trend BINANCEUSDT 2026-04-03,BNB,4h,240187.61,2401.88,24.0188,47.12,0.1058,55.48,55.48,12.61,2.8,636.27,62.87,10.12,88.6,-3337.07,-3.27,-20684.39,-8.27,-3154.72,-31.55,0.0,0.0,,TESTING,PAPER_TRADE,175,10000,250187.61,3046_days,27-11-2017,01-04-2026,0.06%,739,tv_backtester_jan_2024
39 Chandelier Exit BINANCEUSDT.P 2026-04-03,ETH,4h,102570.95,1025.71,10.2571,47.06,0.1056,84.55,84.55,16.89,2.44,524.17,169.92,3.08,39.2,-1427.17,-1.65,-6456.87,-5.74,-7.01,-0.07,0.0,0.0,HIGH_WR,TESTING,PAPER_TRADE,176,10000,112570.95,2293_days,22-12-2019,02-04-2026,0.06%,246,tv_backtester_jan_2024
39 Chandelier Exit BINANCEUSDT.P 2026-04-03,BTC,4h,111283.52,1112.84,11.1284,46.95,0.1054,84.21,84.21,13.53,3.14,469.4,185.06,2.54,46.9,-2039.58,-1.76,-8882.68,-7.32,0.0,0.0,-126.88,-0.1,HIGH_WR,TESTING,PAPER_TRADE,177,10000,121283.52,2368_days,06-10-2019,01-04-2026,0.06%,304,tv_backtester_jan_2024
Williams %R BINANCEUSDT.P 2026-04-04,SOL,4h,71900.92,719.01,7.1901,46.79,0.1051,66.67,66.67,5.09,2.48,451.88,177.49,2.55,54.2,-1590.85,-6.14,-17571.04,-21.12,-1055.55,-10.56,-1306.66,-1.57,,TESTING,PAPER_TRADE,178,10000,81900.92,2001_days,06-10-2020,30-03-2026,0.06%,297,tv_backtester_jan_2024
Williams %R BINANCEUSDT.P 2026-04-03,SOL,4h,71900.92,719.01,7.1901,46.79,0.1051,66.67,66.67,5.09,2.48,451.88,177.49,2.55,54.2,-1590.85,-6.14,-17571.04,-21.12,-1055.55,-10.56,-1306.66,-1.57,,TESTING,PAPER_TRADE,179,10000,81900.92,2001_days,06-10-2020,30-03-2026,0.06%,297,tv_backtester_jan_2024
39 Chandelier Exit BINANCEUSDT 2026-04-03,BTC,4h,242344.0,2423.44,24.2344,45.77,0.1032,82.31,82.31,11.82,2.84,862.38,339.49,2.54,43.5,-4216.55,-1.78,-22406.67,-8.87,0.0,0.0,-245.03,-0.1,HIGH_WR,TESTING,PAPER_TRADE,180,10000,252344.0,3129_days,05-09-2017,01-04-2026,0.06%,373,tv_backtester_jan_2024
Breakout Retest BINANCEUSDT.P 2026-04-03,ETH,4h,96601.53,966.02,9.6602,45.74,0.1032,86.75,86.75,24.01,2.44,466.66,127.21,3.67,39.6,-762.4,-1.61,-4197.8,-3.94,0.0,0.0,0.0,0.0,HIGH_WR,TESTING,PAPER_TRADE,181,10000,106601.53,2295_days,19-12-2019,01-04-2026,0.06%,249,tv_backtester_jan_2024
6 BB Squeeze V2 BINANCEUSDT 2026-04-02,ETH,4h,26786.26,267.86,2.6786,45.61,0.1029,80.62,80.62,16.84,2.92,273.82,67.65,4.05,37.2,-507.85,-1.61,-1691.31,-4.6,-137.78,-1.38,0.0,0.0,HIGH_WR,TESTING,PAPER_TRADE,182,10000,36786.26,1266_days,11-10-2022,30-03-2026,0.06%,129,tv_backtester_jan_2024
PSAR Trend BINANCEUSDT.P 2026-04-04,BNB,4h,87174.03,871.74,8.7174,45.57,0.1029,68.27,68.27,9.09,2.61,459.86,108.86,4.22,51.5,-3127.1,-3.24,-10776.93,-11.09,-590.71,-5.91,0.0,0.0,,TESTING,PAPER_TRADE,183,10000,97174.03,2212_days,11-03-2020,02-04-2026,0.06%,312,tv_backtester_jan_2024
6 BB Squeeze V2 BINANCEUSDT 2026-04-02,ETH,4h,26447.32,264.47,2.6447,45.23,0.1022,81.4,81.4,16.74,2.91,267.88,70.01,3.83,37.2,-503.88,-1.61,-1680.26,-4.61,-138.65,-1.39,0.0,0.0,HIGH_WR,TESTING,PAPER_TRADE,184,10000,36447.32,1266_days,11-10-2022,30-03-2026,0.06%,129,tv_backtester_jan_2024
TRIX Signal BINANCEUSDT.P 2026-04-04,AVAX,4h,66056.95,660.57,6.6057,44.96,0.1017,82.65,82.65,10.41,2.64,451.09,206.46,2.18,35.9,-1108.48,-1.61,-7019.8,-9.22,0.0,0.0,-61.31,-0.08,HIGH_WR,TESTING,PAPER_TRADE,185,10000,76056.95,1996_days,14-10-2020,03-04-2026,0.06%,196,tv_backtester_jan_2024
Momentum V2 BINANCEUSDT.P 2026-04-03,BTC,4h,100597.25,1005.97,10.0597,44.9,0.1016,79.61,79.61,11.06,3.1,382.69,135.12,2.83,56.0,-2805.96,-3.33,-9998.91,-9.04,0.0,0.0,0.0,0.0,,TESTING,PAPER_TRADE,186,10000,110597.25,2367_days,30-09-2019,24-03-2026,0.06%,363,tv_backtester_jan_2024
39 Chandelier Exit BINANCEUSDT.P 2026-04-03,ADA,4h,83809.21,838.09,8.3809,44.32,0.1005,75.68,75.68,7.06,2.23,498.11,219.37,2.27,42.4,-1429.1,-1.62,-13820.25,-14.69,-640.79,-6.41,-281.98,-0.3,,TESTING,PAPER_TRADE,187,10000,93809.21,2229_days,23-02-2020,02-04-2026,0.06%,259,tv_backtester_jan_2024
Engulfing V2 BINANCEUSDT 2026-04-03,LDO,4h,28913.64,289.14,2.8914,44.31,0.1005,77.19,77.19,6.3,2.06,390.57,209.88,1.86,30.8,-941.51,-3.11,-5456.94,-13.77,0.0,0.0,-714.24,-1.8,,TESTING,PAPER_TRADE,188,10000,38913.64,1353_days,24-06-2022,09-03-2026,0.06%,114,tv_backtester_jan_2024
6 BB Squeeze V2 BINANCEUSDT 2026-04-03,DOT,4h,65569.06,655.69,6.5569,43.89,0.0997,86.1,86.1,9.37,2.71,382.33,252.85,1.51,40.1,-1598.84,-2.07,-7838.48,-10.16,0.0,0.0,-1598.84,-2.07,HIGH_WR,TESTING,PAPER_TRADE,189,10000,75569.06,2030_days,10-09-2020,02-04-2026,0.06%,223,tv_backtester_jan_2024
Williams %R BINANCEUSDT.P 2026-04-04,XRP,4h,84715.95,847.16,8.4716,43.88,0.0997,73.83,73.83,10.09,2.56,427.41,119.42,3.58,48.2,-2300.51,-3.21,-9314.8,-9.83,-14.73,-0.15,0.0,0.0,,TESTING,PAPER_TRADE,190,10000,94715.95,2257_days,26-01-2020,01-04-2026,0.06%,298,tv_backtester_jan_2024
39 Chandelier Exit BINANCEUSDT 2026-04-03,ETH,4h,206167.81,2061.68,20.6168,43.21,0.0984,84.68,84.68,13.0,2.19,792.01,336.85,2.35,38.9,-3345.44,-1.61,-17179.49,-7.95,-320.54,-3.21,0.0,0.0,HIGH_WR,TESTING,PAPER_TRADE,191,10000,216167.81,3126_days,10-09-2017,02-04-2026,0.06%,333,tv_backtester_jan_2024
Williams %R BINANCEUSDT.P 2026-04-03,ADA,4h,78817.65,788.18,7.8818,42.98,0.0979,73.49,73.49,8.48,2.62,407.98,133.3,3.06,48.8,-2663.2,-4.37,-10530.81,-11.84,-498.6,-4.99,-134.82,-0.15,,TESTING,PAPER_TRADE,192,10000,88817.65,2231_days,19-02-2020,30-03-2026,0.06%,298,tv_backtester_jan_2024
ADX DI Cross BINANCEUSDT.P 2026-04-04,SOL,4h,60675.73,606.76,6.0676,42.92,0.0978,68.77,68.77,7.65,2.68,401.18,115.55,3.47,46.2,-2774.58,-10.45,-9128.79,-12.92,-416.99,-4.17,0.0,0.0,,TESTING,PAPER_TRADE,193,10000,70675.73,2000_days,09-10-2020,02-04-2026,0.06%,253,tv_backtester_jan_2024
ADX DI Cross BINANCEUSDT.P 2026-04-03,SOL,4h,60675.73,606.76,6.0676,42.92,0.0978,68.77,68.77,7.65,2.68,401.18,115.55,3.47,46.2,-2774.58,-10.45,-9128.79,-12.92,-416.99,-4.17,0.0,0.0,,TESTING,PAPER_TRADE,194,10000,70675.73,2000_days,09-10-2020,02-04-2026,0.06%,253,tv_backtester_jan_2024
Ichimoku V2 BINANCEUSDT.P 2026-04-03,SUI,4h,16865.32,168.65,1.6865,42.76,0.0975,90.2,90.2,33.33,2.2,377.98,104.33,3.62,18.4,-312.98,-1.62,-521.64,-1.94,0.0,0.0,0.0,0.0,HIGH_WR,TESTING,PAPER_TRADE,195,10000,26865.32,1014_days,05-06-2023,16-03-2026,0.06%,51,tv_backtester_jan_2024
6 BB Squeeze V2 BINANCEUSDT 2026-04-03,ETH,4h,192578.72,1925.79,19.2579,42.16,0.0964,74.29,74.29,9.39,2.24,909.37,279.78,3.25,37.3,-1964.7,-1.14,-22941.92,-11.32,0.0,0.0,0.0,0.0,,TESTING,PAPER_TRADE,196,10000,202578.72,3124_days,08-09-2017,30-03-2026,0.06%,319,tv_backtester_jan_2024
Engulfing V2 BINANCEUSDT.P 2026-04-03,ADA,4h,71547.14,715.47,7.1547,41.73,0.0955,71.91,71.91,12.47,2.08,607.7,124.77,4.87,29.6,-1321.97,-1.62,-6238.58,-7.59,-232.06,-2.32,-627.13,-0.76,,TESTING,PAPER_TRADE,197,10000,81547.14,2198_days,03-03-2020,10-03-2026,0.06%,178,tv_backtester_jan_2024
Momentum V2 BINANCEUSDT 2026-04-03,BTC,4h,179397.37,1793.97,17.9397,41.1,0.0943,79.82,79.82,9.75,2.68,574.41,232.93,2.47,51.0,-4764.64,-3.34,-20498.19,-10.82,0.0,0.0,0.0,0.0,,TESTING,PAPER_TRADE,198,10000,189397.37,3120_days,06-09-2017,24-03-2026,0.06%,436,tv_backtester_jan_2024
Engulfing V2 BINANCEUSDT.P 2026-04-03,ETH,4h,76169.28,761.69,7.6169,41.05,0.0942,84.31,84.31,24.13,2.26,461.99,102.9,4.49,32.6,-756.93,-1.61,-3292.75,-3.82,0.0,0.0,0.0,0.0,HIGH_WR,TESTING,PAPER_TRADE,199,10000,86169.28,2287_days,27-12-2019,01-04-2026,0.06%,204,tv_backtester_jan_2024
Breakout Retest BINANCEUSDT 2026-04-03,ETH,4h,178535.24,1785.35,17.8535,41.03,0.0942,81.49,81.49,13.82,2.15,705.0,224.67,3.14,39.2,-1539.92,-1.78,-13929.83,-7.39,-207.59,-2.08,0.0,0.0,HIGH_WR,TESTING,PAPER_TRADE,200,10000,188535.24,3120_days,15-09-2017,01-04-2026,0.06%,335,tv_backtester_jan_2024
6 BB Squeeze V2 BINANCEUSDT 2026-04-02,DOT,4h,22610.39,226.1,2.261,41.02,0.0942,85.19,85.19,9.54,2.87,219.64,132.4,1.66,39.3,-652.75,-1.96,-2648.04,-7.96,0.0,0.0,-652.75,-1.96,HIGH_WR,TESTING,PAPER_TRADE,201,10000,32610.39,1256_days,13-10-2022,22-03-2026,0.06%,135,tv_backtester_jan_2024
TRIX Signal BINANCEUSDT 2026-04-03,ETH,4h,179501.57,1795.02,17.9502,40.96,0.094,80.95,80.95,13.42,2.28,814.93,258.06,3.16,34.3,-1785.89,-1.62,-14451.4,-7.63,0.0,0.0,0.0,0.0,HIGH_WR,TESTING,PAPER_TRADE,202,10000,189501.57,3130_days,06-09-2017,03-04-2026,0.06%,294,tv_backtester_jan_2024
BB Squeeze V2 TimeFilter BINANCEUSDT 2026-04-03,ETH,4h,27143.95,271.44,2.7144,40.82,0.0938,82.17,82.17,44.81,2.93,261.92,26.94,9.72,33.7,-202.17,-1.62,-619.59,-1.67,0.0,0.0,0.0,0.0,HIGH_WR,TESTING,PAPER_TRADE,203,10000,37143.95,1400_days,30-05-2022,30-03-2026,0.06%,129,tv_backtester_jan_2024
BB Squeeze V3 Enhanced BINANCEUSDT 2026-04-03,LDO,4h,26843.77,268.44,2.6844,40.53,0.0932,85.91,85.91,17.81,3.56,150.48,51.51,2.92,57.4,-282.14,-1.35,-1596.87,-4.33,0.0,0.0,0.0,0.0,HIGH_WR,TESTING,PAPER_TRADE,204,10000,36843.77,1400_days,30-05-2022,30-03-2026,0.06%,220,tv_backtester_jan_2024
TRIX Signal BINANCEUSDT.P 2026-04-04,XRP,4h,66758.42,667.58,6.6758,39.19,0.0906,69.75,69.75,11.76,2.37,439.53,86.16,5.1,38.6,-880.96,-1.72,-6203.73,-8.08,0.0,0.0,-0.67,0.0,,TESTING,PAPER_TRADE,205,10000,76758.42,2251_days,02-02-2020,02-04-2026,0.06%,238,tv_backtester_jan_2024
TRIX Signal BINANCEUSDT.P 2026-04-03,ADA,4h,64638.93,646.39,6.4639,39.07,0.0903,73.66,73.66,16.23,2.22,456.19,78.62,5.8,33.6,-1003.53,-1.61,-4245.56,-5.69,-509.33,-5.09,0.0,0.0,,TESTING,PAPER_TRADE,206,10000,74638.93,2226_days,20-02-2020,27-03-2026,0.06%,205,tv_backtester_jan_2024
Engulfing V2 BINANCEUSDT.P 2026-04-03 (1),SOL,4h,48001.45,480.01,4.8001,38.01,0.0882,64.68,64.68,7.74,2.17,424.02,100.3,4.23,36.8,-1737.49,-8.48,-7121.56,-12.28,-774.33,-7.74,0.0,0.0,,TESTING,PAPER_TRADE,207,10000,58001.45,1993_days,16-10-2020,02-04-2026,0.06%,201,tv_backtester_jan_2024
Engulfing V2 BINANCEUSDT.P 2026-04-03,SOL,4h,48001.45,480.01,4.8001,38.01,0.0882,64.68,64.68,7.74,2.17,424.02,100.3,4.23,36.8,-1737.49,-8.48,-7121.56,-12.28,-774.33,-7.74,0.0,0.0,,TESTING,PAPER_TRADE,208,10000,58001.45,1993_days,16-10-2020,02-04-2026,0.06%,201,tv_backtester_jan_2024
Engulfing V2 BINANCEUSDT.P 2026-04-03,XRP,4h,61884.3,618.84,6.1884,37.98,0.0882,72.33,72.33,9.13,2.21,466.41,133.53,3.49,33.6,-1918.49,-3.21,-7611.35,-10.59,-332.31,-3.32,0.0,0.0,,TESTING,PAPER_TRADE,209,10000,71884.3,2238_days,28-01-2020,16-03-2026,0.06%,206,tv_backtester_jan_2024
Momentum V2 BINANCEUSDT.P 2026-04-03,ADA,4h,57884.47,578.84,5.7884,36.79,0.0858,67.69,67.69,7.28,2.33,337.2,97.03,3.48,48.1,-1772.76,-3.39,-9218.22,-13.35,-678.96,-6.79,-1156.14,-1.67,,TESTING,PAPER_TRADE,210,10000,67884.47,2233_days,20-02-2020,02-04-2026,0.06%,294,tv_backtester_jan_2024
Breakout Retest BINANCEUSDT.P 2026-04-03,XRP,4h,58629.92,586.3,5.863,36.58,0.0854,72.96,72.96,9.84,2.42,383.89,105.27,3.65,37.7,-1300.8,-3.2,-6632.1,-9.66,-387.08,-3.87,0.0,0.0,,TESTING,PAPER_TRADE,211,10000,68629.92,2257_days,25-01-2020,31-03-2026,0.06%,233,tv_backtester_jan_2024
ADX DI Cross BINANCEUSDT.P 2026-04-03,ADA,4h,57032.03,570.32,5.7032,36.58,0.0854,70.8,70.8,13.21,2.65,348.59,63.96,5.45,41.0,-914.28,-9.15,-4669.27,-6.96,-917.59,-9.18,-100.73,-0.15,,TESTING,PAPER_TRADE,212,10000,67032.03,2229_days,23-02-2020,02-04-2026,0.06%,250,tv_backtester_jan_2024
Engulfing V2 BINANCEUSDT 2026-04-03,DOT,4h,45992.48,459.92,4.5992,36.44,0.0851,76.97,76.97,9.14,2.02,376.96,137.84,2.73,32.1,-1053.8,-1.85,-5651.61,-9.91,-162.26,-1.62,-1053.8,-1.85,,TESTING,PAPER_TRADE,213,10000,55992.48,2025_days,13-09-2020,31-03-2026,0.06%,178,tv_backtester_jan_2024
Engulfing V2 BINANCEUSDT.P 2026-04-03,DOT,4h,44358.67,443.59,4.4359,35.71,0.0836,77.4,77.4,7.09,2.24,376.97,182.14,2.07,31.9,-816.21,-1.48,-7285.55,-13.2,0.0,0.0,-816.21,-1.48,,TESTING,PAPER_TRADE,214,10000,54358.67,2025_days,13-09-2020,31-03-2026,0.06%,177,tv_backtester_jan_2024
39 Chandelier Exit BINANCEUSDT.P 2026-04-03,SOL,4h,41385.42,413.85,4.1385,35.35,0.0829,66.52,66.52,5.48,2.46,339.7,123.07,2.76,41.4,-2492.71,-11.15,-9230.03,-17.96,-842.05,-8.42,0.0,0.0,,TESTING,PAPER_TRADE,215,10000,51385.42,1975_days,03-11-2020,02-04-2026,0.06%,224,tv_backtester_jan_2024
39 Chandelier Exit BINANCEUSDT.P 2026-04-04,SOL,4h,41385.42,413.85,4.1385,35.35,0.0829,66.52,66.52,5.48,2.46,339.7,123.07,2.76,41.4,-2492.71,-11.15,-9230.03,-17.96,-842.05,-8.42,0.0,0.0,,TESTING,PAPER_TRADE,216,10000,51385.42,1975_days,03-11-2020,02-04-2026,0.06%,224,tv_backtester_jan_2024
TRIX Signal BINANCEUSDT.P 2026-04-03,ETH,4h,56793.93,567.94,5.6794,35.34,0.0829,82.44,82.44,10.52,2.3,371.36,165.74,2.24,32.7,-1052.94,-2.66,-5966.62,-8.92,0.0,0.0,-92.68,-0.14,HIGH_WR,TESTING,PAPER_TRADE,217,10000,66793.93,2292_days,16-12-2019,26-03-2026,0.06%,205,tv_backtester_jan_2024
ADX DI Cross BINANCEUSDT.P 2026-04-04,BNB,4h,51720.68,517.21,5.1721,35.0,0.0822,75.0,75.0,26.19,3.09,275.77,31.59,8.73,42.9,-405.91,-1.62,-2053.52,-3.33,-373.04,-3.73,0.0,0.0,,TESTING,PAPER_TRADE,218,10000,61720.68,2215_days,01-03-2020,26-03-2026,0.06%,260,tv_backtester_jan_2024
ADX DI Cross BINANCEUSDT.P 2026-04-03,BTC,4h,58191.16,581.91,5.8191,34.38,0.0809,80.86,80.86,13.36,3.08,256.73,81.18,3.16,46.6,-1076.52,-1.61,-4708.63,-6.91,-11.68,-0.12,0.0,0.0,HIGH_WR,TESTING,PAPER_TRADE,219,10000,68191.16,2373_days,02-10-2019,01-04-2026,0.06%,303,tv_backtester_jan_2024
Engulfing V2 BINANCEUSDT.P 2026-04-03,LINK,4h,48589.31,485.89,4.8589,34.31,0.0808,82.07,82.07,7.06,2.26,374.88,242.98,1.54,30.7,-1564.35,-4.76,-8018.18,-13.69,-193.22,-1.93,0.0,0.0,HIGH_WR,TESTING,PAPER_TRADE,220,10000,58589.31,2189_days,20-03-2020,19-03-2026,0.06%,184,tv_backtester_jan_2024
TRIX Signal BINANCEUSDT.P 2026-04-04,BNB,4h,48701.83,487.02,4.8702,33.87,0.0799,73.8,73.8,9.52,2.41,321.99,95.25,3.38,37.7,-982.58,-1.72,-5715.15,-9.74,-317.05,-3.17,0.0,0.0,,TESTING,PAPER_TRADE,221,10000,58701.83,2216_days,07-03-2020,02-04-2026,0.06%,229,tv_backtester_jan_2024
Engulfing V2 BINANCEUSDT 2026-04-03,ETH,4h,103982.24,1039.82,10.3982,32.88,0.0779,84.62,84.62,17.51,2.29,527.66,165.73,3.18,28.9,-1603.65,-1.61,-6297.73,-5.53,0.0,0.0,0.0,0.0,HIGH_WR,TESTING,PAPER_TRADE,222,10000,113982.24,3127_days,08-09-2017,01-04-2026,0.06%,247,tv_backtester_jan_2024
39 Chandelier Exit BINANCEUSDT.P 2026-04-04,BNB,4h,46042.0,460.42,4.6042,32.85,0.0778,71.79,71.79,8.67,2.7,258.95,76.03,3.41,46.2,-673.02,-1.62,-6006.0,-10.72,-652.99,-6.53,0.0,0.0,,TESTING,PAPER_TRADE,223,10000,56042.0,2216_days,07-03-2020,02-04-2026,0.06%,280,tv_backtester_jan_2024
Ichimoku V2 BINANCEUSDT 2026-04-03,LDO,4h,19500.63,195.01,1.9501,32.61,0.0773,86.59,86.59,11.11,2.32,301.82,175.34,1.72,21.4,-485.46,-3.21,-1928.76,-6.54,0.0,0.0,0.0,0.0,HIGH_WR,TESTING,PAPER_TRADE,224,10000,29500.63,1400_days,28-05-2022,29-03-2026,0.06%,82,tv_backtester_jan_2024
Ichimoku V2 BINANCEUSDT.P 2026-04-03,AVAX,4h,32307.55,323.08,3.2308,30.87,0.0737,83.33,83.33,8.22,2.13,350.3,213.02,1.64,23.5,-685.77,-1.63,-4473.43,-10.57,0.0,0.0,0.0,0.0,HIGH_WR,TESTING,PAPER_TRADE,225,10000,42307.55,1958_days,03-11-2020,16-03-2026,0.06%,126,tv_backtester_jan_2024
Breakout Retest BINANCEUSDT 2026-04-03,BTC,4h,87749.17,877.49,8.7749,30.59,0.0731,80.05,80.05,10.41,2.84,314.17,121.17,2.59,45.2,-1739.65,-2.4,-9329.73,-9.54,0.0,0.0,0.0,0.0,HIGH_WR,TESTING,PAPER_TRADE,226,10000,97749.17,3120_days,05-09-2017,22-03-2026,0.06%,386,tv_backtester_jan_2024
ADX DI Cross BINANCEUSDT 2026-04-03,BTC,4h,85673.61,856.74,8.5674,30.23,0.0723,81.22,81.22,15.02,2.89,312.2,89.88,3.47,42.3,-848.13,-1.03,-6111.94,-6.39,0.0,0.0,-7.45,-0.01,HIGH_WR,TESTING,PAPER_TRADE,227,10000,95673.61,3123_days,12-09-2017,01-04-2026,0.06%,362,tv_backtester_jan_2024
Engulfing V2 BINANCEUSDT.P 2026-04-03,BTC,4h,44705.31,447.05,4.4705,29.9,0.0716,82.81,82.81,19.95,2.73,257.18,62.07,4.14,34.0,-828.63,-1.61,-2358.79,-4.31,0.0,0.0,0.0,0.0,HIGH_WR,TESTING,PAPER_TRADE,228,10000,54705.31,2373_days,01-10-2019,01-04-2026,0.06%,221,tv_backtester_jan_2024
VWAP Reversion BINANCEUSDT.P 2026-04-03,SUI,4h,10103.38,101.03,1.0103,29.29,0.0703,88.33,88.33,21.23,2.68,200.05,71.33,2.8,22.1,-233.11,-1.67,-499.31,-2.48,0.0,0.0,0.0,0.0,HIGH_WR,TESTING,PAPER_TRADE,229,10000,20103.38,993_days,20-06-2023,10-03-2026,0.06%,60,tv_backtester_jan_2024
Ichimoku V2 BINANCEUSDT.P 2026-04-03,LINK,4h,35759.94,357.6,3.576,29.02,0.0698,83.33,83.33,11.67,1.94,391.12,167.6,2.33,20.1,-704.11,-1.63,-3351.99,-7.33,-15.52,-0.16,0.0,0.0,HIGH_WR,TESTING,PAPER_TRADE,230,10000,45759.94,2180_days,07-04-2020,27-03-2026,0.06%,120,tv_backtester_jan_2024
TRIX Signal BINANCEUSDT 2026-04-03,BTC,4h,78136.22,781.36,7.8136,28.91,0.0696,77.3,77.3,6.37,2.33,367.77,196.52,1.87,38.0,-2531.81,-3.2,-14542.77,-16.5,0.0,0.0,0.0,0.0,,TESTING,PAPER_TRADE,231,10000,88136.22,3130_days,06-09-2017,03-04-2026,0.06%,326,tv_backtester_jan_2024
TRIX Signal BINANCEUSDT.P 2026-04-04,SOL,4h,30179.59,301.8,3.018,28.87,0.0695,67.0,67.0,4.58,2.1,283.9,125.83,2.26,37.0,-1183.46,-6.0,-8430.72,-20.98,-649.36,-6.49,0.0,0.0,,TESTING,PAPER_TRADE,232,10000,40179.59,2003_days,07-10-2020,02-04-2026,0.06%,203,tv_backtester_jan_2024
TRIX Signal BINANCEUSDT.P 2026-04-03,SOL,4h,30179.59,301.8,3.018,28.87,0.0695,67.0,67.0,4.58,2.1,283.9,125.83,2.26,37.0,-1183.46,-6.0,-8430.72,-20.98,-649.36,-6.49,0.0,0.0,,TESTING,PAPER_TRADE,233,10000,40179.59,2003_days,07-10-2020,02-04-2026,0.06%,203,tv_backtester_jan_2024
Williams %R BINANCEUSDT 2026-04-03,BTC,4h,76806.59,768.07,7.6807,28.71,0.0691,77.75,77.75,12.27,2.81,288.34,82.09,3.51,43.6,-1025.84,-1.63,-6813.34,-7.85,-161.44,-1.61,-36.34,-0.04,,TESTING,PAPER_TRADE,234,10000,86806.59,3127_days,06-09-2017,30-03-2026,0.06%,373,tv_backtester_jan_2024
TRIX Signal BINANCEUSDT.P 2026-04-03,BTC,4h,41222.09,412.22,4.1222,28.64,0.069,77.48,77.48,7.79,2.59,232.97,102.9,2.26,40.4,-1454.18,-3.2,-6071.2,-11.85,0.0,0.0,0.0,0.0,,TESTING,PAPER_TRADE,235,10000,51222.09,2369_days,08-10-2019,03-04-2026,0.06%,262,tv_backtester_jan_2024
Williams %R BINANCEUSDT.P 2026-04-04,BNB,4h,35009.16,350.09,3.5009,28.05,0.0677,76.09,76.09,8.77,2.79,188.18,68.3,2.76,45.4,-878.96,-3.2,-4507.76,-10.02,-443.27,-4.43,0.0,0.0,,TESTING,PAPER_TRADE,236,10000,45009.16,2222_days,29-02-2020,01-04-2026,0.06%,276,tv_backtester_jan_2024
Breakout Retest BINANCEUSDT.P 2026-04-03,BTC,4h,37808.13,378.08,3.7808,27.41,0.0663,78.81,78.81,7.11,2.69,184.86,96.69,1.91,46.8,-612.1,-1.61,-6187.93,-12.94,0.0,0.0,0.0,0.0,,TESTING,PAPER_TRADE,237,10000,47808.13,2359_days,06-10-2019,22-03-2026,0.06%,302,tv_backtester_jan_2024
Williams %R BINANCEUSDT.P 2026-04-03,BTC,4h,36134.16,361.34,3.6134,26.52,0.0644,78.62,78.62,17.02,3.08,176.91,38.22,4.63,42.5,-496.78,-3.22,-2255.17,-4.89,0.0,0.0,-13.64,-0.03,,TESTING,PAPER_TRADE,238,10000,46134.16,2374_days,29-09-2019,30-03-2026,0.06%,276,tv_backtester_jan_2024
Momentum V2 BINANCEUSDT 2026-04-03,BNB,4h,58330.52,583.31,5.8331,25.91,0.0631,58.11,58.11,11.95,2.46,296.08,34.36,8.62,44.4,-1435.67,-14.08,-5326.25,-7.79,-1238.99,-12.39,0.0,0.0,,TESTING,PAPER_TRADE,239,10000,68330.52,3047_days,27-11-2017,02-04-2026,0.06%,370,tv_backtester_jan_2024
BB Squeeze V3 Enhanced BINANCEUSDT 2026-04-03,ETH,4h,13451.51,134.52,1.3452,24.98,0.0611,84.69,84.69,50.46,3.68,82.67,9.07,9.12,51.3,-74.13,-0.68,-271.96,-1.16,0.0,0.0,0.0,0.0,HIGH_WR,TESTING,PAPER_TRADE,240,10000,23451.51,1396_days,30-05-2022,26-03-2026,0.06%,196,tv_backtester_jan_2024
6 BB Squeeze V2 BINANCEUSDT 2026-04-02 ,DOT,4h,10693.74,106.94,1.0694,24.8,0.0607,89.89,89.89,18.54,2.7,141.29,67.74,2.09,27.1,-255.25,-1.63,-609.65,-2.94,0.0,0.0,-77.65,-0.37,HIGH_WR,TESTING,PAPER_TRADE,241,10000,20693.74,1199_days,30-10-2022,10-02-2026,0.06%,89,tv_backtester_jan_2024
6 BB Squeeze V2 BINANCEUSDT 2026-04-02,NEAR,4h,8490.6,84.91,0.8491,24.09,0.0591,45.83,45.83,5.55,1.65,235.41,35.91,6.56,33.7,-624.26,-3.27,-1867.45,-9.77,-331.44,-3.31,-624.26,-3.27,,TESTING,PAPER_TRADE,242,10000,18490.6,1040_days,27-05-2023,01-04-2026,0.06%,96,tv_backtester_jan_2024
6 BB Squeeze V2 BINANCEUSDT 2026-04-02  20,ETH,4h,10743.78,107.44,1.0744,23.6,0.058,80.49,80.49,29.57,2.49,168.48,23.5,7.17,23.8,-166.15,-1.62,-376.0,-1.81,0.0,0.0,0.0,0.0,HIGH_WR,TESTING,PAPER_TRADE,243,10000,20743.78,1258_days,11-10-2022,22-03-2026,0.06%,82,tv_backtester_jan_2024
Ichimoku V2 BINANCEUSDT.P 2026-04-03,DOT,4h,21496.78,214.97,2.1497,23.26,0.0573,76.67,76.67,9.01,1.97,262.85,95.9,2.74,21.9,-520.81,-1.63,-2685.2,-8.39,0.0,0.0,-520.81,-1.63,,TESTING,PAPER_TRADE,244,10000,31496.78,2004_days,06-10-2020,02-04-2026,0.06%,120,tv_backtester_jan_2024
BB Squeeze V3 Enhanced BINANCEUSDT 2026-04-03,DOT,4h,11445.97,114.46,1.1446,22.06,0.0546,80.37,80.37,19.66,3.5,70.11,14.61,4.8,55.9,-249.89,-1.15,-613.48,-2.83,0.0,0.0,-249.89,-1.15,HIGH_WR,TESTING,PAPER_TRADE,245,10000,21445.97,1398_days,04-06-2022,02-04-2026,0.06%,214,tv_backtester_jan_2024
Engulfing V2 BINANCEUSDT 2026-04-03,BTC,4h,43994.76,439.95,4.3995,21.76,0.0539,83.33,83.33,11.02,2.32,241.93,109.8,2.2,28.0,-856.71,-1.61,-4392.18,-8.13,0.0,0.0,-1.65,0.0,HIGH_WR,TESTING,PAPER_TRADE,246,10000,53994.76,3129_days,05-09-2017,01-04-2026,0.06%,240,tv_backtester_jan_2024
Ichimoku V2 BINANCEUSDT 2026-04-03,DOT,4h,19305.34,193.05,1.9305,21.65,0.0537,76.36,76.36,7.96,1.89,262.87,106.76,2.46,20.0,-486.97,-1.63,-2775.7,-9.32,0.0,0.0,-486.97,-1.63,,TESTING,PAPER_TRADE,247,10000,29305.34,2004_days,06-10-2020,02-04-2026,0.06%,110,tv_backtester_jan_2024
Ichimoku V2 BINANCEUSDT.P 2026-04-03,ETH,4h,23363.35,233.63,2.3363,21.21,0.0527,86.24,86.24,15.56,2.12,265.61,106.95,2.48,17.4,-445.48,-1.61,-1604.31,-4.81,-1.09,-0.01,0.0,0.0,HIGH_WR,TESTING,PAPER_TRADE,248,10000,33363.35,2288_days,20-12-2019,27-03-2026,0.06%,109,tv_backtester_jan_2024
Ichimoku V2 BINANCEUSDT.P 2026-04-03,XRP,4h,20836.67,208.37,2.0837,20.23,0.0504,76.38,76.38,15.19,2.17,229.95,48.95,4.7,20.8,-390.98,-3.92,-1468.59,-4.76,-406.49,-4.06,0.0,0.0,,TESTING,PAPER_TRADE,249,10000,30836.67,2233_days,21-02-2020,03-04-2026,0.06%,127,tv_backtester_jan_2024
Ichimoku V2 BINANCEUSDT.P 2026-04-03,LDO,4h,8746.46,87.46,0.8746,20.09,0.0501,86.96,86.96,11.49,2.14,159.68,92.68,1.72,20.1,-233.4,-1.62,-834.1,-4.45,0.0,0.0,0.0,0.0,HIGH_WR,TESTING,PAPER_TRADE,250,10000,18746.46,1254_days,21-10-2022,29-03-2026,0.06%,69,tv_backtester_jan_2024
Breakout Retest BINANCEUSDT 2026-04-03,BNB,4h,35369.96,353.7,3.537,19.93,0.0498,54.78,54.78,6.85,1.99,212.38,37.55,5.66,42.8,-1727.95,-17.41,-6044.75,-13.32,-1801.52,-18.02,0.0,0.0,,TESTING,PAPER_TRADE,251,10000,45369.96,3039_days,25-11-2017,22-03-2026,0.06%,356,tv_backtester_jan_2024
VWAP Reversion BINANCEUSDT.P 2026-04-03,AVAX,4h,15561.75,155.62,1.5562,19.46,0.0487,86.0,86.0,17.45,2.16,191.95,67.57,2.84,18.9,-250.98,-1.75,-945.94,-3.7,-156.27,-1.56,0.0,0.0,HIGH_WR,TESTING,PAPER_TRADE,252,10000,25561.75,1928_days,19-12-2020,01-04-2026,0.06%,100,tv_backtester_jan_2024
Ichimoku Pure BINANCEUSDT 2026-04-03,DOT,4h,16539.22,165.39,1.6539,19.28,0.0483,38.1,38.1,1.35,0.69,718.4,326.43,2.2,41.7,-3581.79,-15.43,-46679.87,-156.17,-1658.07,-16.58,-3350.33,-11.21,,WEAK,IGNORE,253,10000,26539.22,2022_days,19-09-2020,03-04-2026,0.06%,231,tv_backtester_jan_2024
Ichimoku V2 BINANCEUSDT 2026-04-03,ETH,4h,32836.22,328.36,3.2836,18.59,0.0467,84.31,84.31,10.72,2.02,280.74,140.83,1.99,17.9,-576.66,-1.61,-3379.81,-7.89,0.0,0.0,0.0,0.0,HIGH_WR,TESTING,PAPER_TRADE,254,10000,42836.22,3116_days,13-09-2017,27-03-2026,0.06%,153,tv_backtester_jan_2024
VWAP Reversion BINANCEUSDT 2026-04-03,DOT,4h,14485.45,144.85,1.4485,18.5,0.0465,83.33,83.33,11.7,2.22,198.0,84.63,2.34,18.2,-261.21,-1.6,-1354.15,-5.47,-45.75,-0.46,-249.39,-1.01,HIGH_WR,TESTING,PAPER_TRADE,255,10000,24485.45,1927_days,06-11-2020,15-02-2026,0.06%,96,tv_backtester_jan_2024
VWAP Reversion BINANCEUSDT.P 2026-04-03,LINK,4h,17401.18,174.01,1.7401,17.99,0.0453,87.18,87.18,9.38,2.22,190.95,138.4,1.38,19.2,-455.05,-1.71,-2076.07,-7.58,0.0,0.0,0.0,0.0,HIGH_WR,TESTING,PAPER_TRADE,256,10000,27401.18,2225_days,25-02-2020,30-03-2026,0.06%,117,tv_backtester_jan_2024
Ichimoku V2 BINANCEUSDT 2026-04-03,BTC,4h,30537.27,305.37,3.0537,17.82,0.0449,81.71,81.71,18.33,2.12,225.87,55.08,4.1,20.5,-340.43,-1.61,-1762.44,-4.35,0.0,0.0,0.0,0.0,HIGH_WR,TESTING,PAPER_TRADE,257,10000,40537.27,3117_days,13-09-2017,27-03-2026,0.06%,175,tv_backtester_jan_2024
Ichimoku V2 BINANCEUSDT.P 2026-04-03,BTC,4h,18412.57,184.13,1.8413,17.65,0.0445,79.14,79.14,16.57,2.2,178.13,40.77,4.37,21.6,-244.88,-1.61,-1182.23,-4.16,0.0,0.0,0.0,0.0,,TESTING,PAPER_TRADE,258,10000,28412.57,2346_days,23-10-2019,27-03-2026,0.06%,139,tv_backtester_jan_2024
VWAP Reversion BINANCEUSDT 2026-04-03,LDO,4h,8266.52,82.67,0.8267,17.56,0.0443,76.39,76.39,5.18,1.91,186.29,116.43,1.6,19.3,-475.55,-2.54,-1979.23,-10.56,0.0,0.0,-475.55,-2.54,,TESTING,PAPER_TRADE,259,10000,18266.52,1360_days,25-06-2022,16-03-2026,0.06%,72,tv_backtester_jan_2024
VWAP Reversion BINANCEUSDT.P 2026-04-03,DOT,4h,13565.74,135.66,1.3566,17.5,0.0442,82.83,82.83,11.99,2.23,180.49,72.6,2.49,18.6,-271.96,-1.14,-1234.15,-5.18,-24.52,-0.25,-271.96,-1.14,HIGH_WR,TESTING,PAPER_TRADE,260,10000,23565.74,1941_days,22-10-2020,15-02-2026,0.06%,99,tv_backtester_jan_2024
Ichimoku V2 BINANCEUSDT.P 2026-04-03,ADA,4h,16427.61,164.28,1.6428,17.29,0.0437,71.3,71.3,7.74,1.65,230.05,73.84,3.12,18.9,-886.95,-3.31,-2436.7,-9.09,-291.13,-2.91,-374.99,-1.4,,TESTING,PAPER_TRADE,261,10000,26427.61,2226_days,25-02-2020,01-04-2026,0.06%,115,tv_backtester_jan_2024
Ensemble Fusion BINANCEUSDT.P 2026-04-03,DOT,4h,12103.17,121.03,1.2103,16.56,0.042,80.65,80.65,10.41,1.68,267.78,107.15,2.5,12.0,-332.33,-1.63,-1285.85,-5.78,0.0,0.0,-130.29,-0.59,HIGH_WR,TESTING,PAPER_TRADE,262,10000,22103.17,1891_days,06-10-2020,11-12-2025,0.06%,62,tv_backtester_jan_2024
Ichimoku V2 BINANCEUSDT.P 2026-04-03 (1),SOL,4h,13041.99,130.42,1.3042,16.44,0.0417,64.91,64.91,5.21,1.68,218.06,77.37,2.82,20.8,-918.58,-6.24,-3094.64,-13.43,-515.52,-5.16,0.0,0.0,,TESTING,PAPER_TRADE,263,10000,23041.99,2003_days,07-10-2020,03-04-2026,0.06%,114,tv_backtester_jan_2024
Ichimoku V2 BINANCEUSDT.P 2026-04-03,SOL,4h,13041.99,130.42,1.3042,16.44,0.0417,64.91,64.91,5.21,1.68,218.06,77.37,2.82,20.8,-918.58,-6.24,-3094.64,-13.43,-515.52,-5.16,0.0,0.0,,TESTING,PAPER_TRADE,264,10000,23041.99,2003_days,07-10-2020,03-04-2026,0.06%,114,tv_backtester_jan_2024
Ensemble Fusion BINANCEUSDT.P 2026-04-03,SUI,4h,5212.33,52.12,0.5212,16.31,0.0414,88.46,88.46,25.71,1.42,235.79,70.32,3.35,9.4,-205.55,-1.62,-210.95,-1.39,0.0,0.0,0.0,0.0,LOW_SAMPLE,WEAK,LOW_TRADES,265,10000,15212.33,1014_days,05-06-2023,16-03-2026,0.06%,26,tv_backtester_jan_2024
VWAP Reversion BINANCEUSDT.P 2026-04-03,LDO,4h,6536.79,65.37,0.6537,16.08,0.0408,78.46,78.46,5.56,1.92,156.26,102.32,1.53,19.3,-265.02,-1.6,-1432.55,-8.58,0.0,0.0,-159.22,-0.95,,TESTING,PAPER_TRADE,266,10000,16536.79,1232_days,30-10-2022,16-03-2026,0.06%,65,tv_backtester_jan_2024
Ensemble Fusion BINANCEUSDT.P 2026-04-03,AVAX,4h,11169.72,111.7,1.117,15.33,0.039,88.37,88.37,14.14,1.47,316.32,170.05,1.86,8.2,-346.89,-1.62,-850.26,-3.96,0.0,0.0,-300.44,-1.4,,TESTING,PAPER_TRADE,267,10000,21169.72,1921_days,07-12-2020,13-03-2026,0.06%,43,tv_backtester_jan_2024
VWAP Reversion BINANCEUSDT.P 2026-04-03,XRP,4h,13530.44,135.3,1.353,15.21,0.0388,73.45,73.45,7.48,1.86,188.17,69.59,2.7,18.7,-476.16,-4.77,-2087.74,-8.87,-491.9,-4.92,0.0,0.0,,TESTING,PAPER_TRADE,268,10000,23530.44,2207_days,17-02-2020,04-03-2026,0.06%,113,tv_backtester_jan_2024
Ensemble Fusion BINANCEUSDT.P 2026-04-03,BTC,4h,13963.31,139.63,1.3963,14.65,0.0374,90.91,90.91,93.64,1.89,201.63,21.53,9.36,12.0,-33.83,-0.16,-150.73,-0.63,0.0,0.0,0.0,0.0,HIGH_WR,WEAK,IGNORE,269,10000,23963.31,2335_days,23-10-2019,16-03-2026,0.06%,77,tv_backtester_jan_2024
Ensemble Fusion BINANCEUSDT 2026-04-03,ETH,4h,20985.58,209.86,2.0986,14.14,0.0362,85.71,85.71,17.21,1.62,265.24,92.47,2.87,11.5,-726.57,-6.72,-1294.64,-4.18,0.0,0.0,-5.72,-0.02,HIGH_WR,WEAK,IGNORE,270,10000,30985.58,3124_days,08-09-2017,30-03-2026,0.06%,98,tv_backtester_jan_2024
Ensemble Fusion BINANCEUSDT.P 2026-04-03,LINK,4h,11529.7,115.3,1.153,13.88,0.0356,82.76,82.76,14.85,1.37,257.55,83.27,3.09,9.8,-264.2,-1.61,-832.7,-3.87,0.0,0.0,0.0,0.0,HIGH_WR,WEAK,IGNORE,271,10000,21529.7,2155_days,20-04-2020,16-03-2026,0.06%,58,tv_backtester_jan_2024
Engulfing V2 BINANCEUSDT 2026-04-03,BNB,4h,17796.63,177.97,1.7797,13.16,0.0339,55.67,55.67,7.09,1.67,183.34,32.45,5.65,24.6,-1230.73,-12.29,-2920.6,-10.51,-1213.93,-12.14,0.0,0.0,,WEAK,IGNORE,272,10000,27796.63,3020_days,08-12-2017,16-03-2026,0.06%,203,tv_backtester_jan_2024
Ensemble Fusion BINANCEUSDT 2026-04-03,DOT,4h,9363.91,93.64,0.9364,13.05,0.0336,80.33,80.33,13.04,1.58,206.98,64.83,3.19,11.3,-300.33,-1.63,-777.95,-3.98,0.0,0.0,-160.15,-0.82,HIGH_WR,WEAK,IGNORE,273,10000,19363.91,1968_days,06-10-2020,25-02-2026,0.06%,61,tv_backtester_jan_2024
VWAP Reversion BINANCEUSDT.P 2026-04-03,ETH,4h,10771.49,107.71,1.0771,12.66,0.0326,91.0,91.0,18.98,2.19,124.95,66.58,1.88,16.3,-267.26,-1.61,-599.18,-2.88,0.0,0.0,0.0,0.0,HIGH_WR,WEAK,IGNORE,274,10000,20771.49,2240_days,24-01-2020,13-03-2026,0.06%,100,tv_backtester_jan_2024
VWAP Reversion BINANCEUSDT 2026-04-03,ETH,4h,16470.65,164.71,1.6471,12.5,0.0323,81.56,81.56,13.71,2.02,154.5,49.86,3.1,17.1,-328.48,-1.61,-1296.36,-4.9,-1.28,-0.01,0.0,0.0,HIGH_WR,WEAK,IGNORE,275,10000,26470.65,3018_days,06-12-2017,13-03-2026,0.06%,141,tv_backtester_jan_2024
Ensemble Fusion BINANCEUSDT.P 2026-04-03,ADA,4h,9473.74,94.74,0.9474,12.19,0.0315,71.88,71.88,7.02,1.27,240.19,87.49,2.75,11.0,-654.81,-3.25,-1574.88,-7.82,-684.3,-6.84,-654.81,-3.25,,WEAK,IGNORE,276,10000,19473.74,2116_days,20-04-2020,05-02-2026,0.06%,64,tv_backtester_jan_2024
Momentum Rotation BINANCEUSDT 2026-04-03,DOT,4h,8715.15,87.15,0.8715,11.86,0.0307,34.84,34.84,1.14,0.32,831.2,389.54,2.13,43.6,-8322.86,-38.98,-61937.25,-290.06,-1050.84,-10.51,-2638.15,-12.35,,WEAK,IGNORE,277,10000,18715.15,2042_days,29-08-2020,03-04-2026,0.06%,244,tv_backtester_jan_2024
Ensemble Fusion BINANCEUSDT.P 2026-04-03,SOL,4h,7664.29,76.64,0.7664,11.64,0.0301,69.23,69.23,10.61,1.47,235.05,49.83,4.72,10.1,-378.25,-2.98,-797.34,-4.51,-152.82,-1.53,0.0,0.0,,WEAK,IGNORE,278,10000,17664.29,1888_days,12-01-2021,16-03-2026,0.06%,52,tv_backtester_jan_2024
Ensemble Fusion BINANCEUSDT.P 2026-04-03 (1),SOL,4h,7664.29,76.64,0.7664,11.64,0.0301,69.23,69.23,10.61,1.47,235.05,49.83,4.72,10.1,-378.25,-2.98,-797.34,-4.51,-152.82,-1.53,0.0,0.0,,WEAK,IGNORE,279,10000,17664.29,1888_days,12-01-2021,16-03-2026,0.06%,52,tv_backtester_jan_2024
Ensemble Fusion BINANCEUSDT.P 2026-04-03,ETH,4h,8613.61,86.14,0.8614,10.63,0.0277,87.27,87.27,37.14,1.35,184.42,34.05,5.42,8.9,-173.15,-1.61,-238.36,-1.28,0.0,0.0,-0.03,0.0,HIGH_WR,WEAK,IGNORE,280,10000,18613.61,2247_days,02-02-2020,30-03-2026,0.06%,55,tv_backtester_jan_2024
VWAP Reversion BINANCEUSDT.P 2026-04-03,SOL,4h,6345.86,63.46,0.6346,9.63,0.0252,67.09,67.09,6.37,1.53,142.03,45.46,3.12,14.8,-329.97,-3.26,-1181.83,-7.23,-221.11,-2.21,-6.19,-0.04,,WEAK,IGNORE,281,10000,16345.86,1952_days,06-11-2020,13-03-2026,0.06%,79,tv_backtester_jan_2024
VWAP Reversion BINANCEUSDT.P 2026-04-03 (1),SOL,4h,6345.86,63.46,0.6346,9.63,0.0252,67.09,67.09,6.37,1.53,142.03,45.46,3.12,14.8,-329.97,-3.26,-1181.83,-7.23,-221.11,-2.21,-6.19,-0.04,,WEAK,IGNORE,282,10000,16345.86,1952_days,06-11-2020,13-03-2026,0.06%,79,tv_backtester_jan_2024
Ensemble Fusion BINANCEUSDT.P 2026-04-03,LDO,4h,3684.39,36.84,0.3684,9.55,0.025,84.62,84.62,6.95,0.97,195.61,154.78,1.26,7.6,-376.24,-3.22,-619.13,-4.49,0.0,0.0,-98.24,-0.71,LOW_SAMPLE,WEAK,LOW_TRADES,283,10000,13684.39,1256_days,17-10-2022,27-03-2026,0.06%,26,tv_backtester_jan_2024
Ensemble Fusion BINANCEUSDT 2026-04-03,BTC,4h,9571.27,95.71,0.9571,9.1,0.0238,86.84,86.84,12.51,1.56,157.62,83.17,1.9,9.9,-360.91,-2.89,-831.68,-4.25,-166.29,-1.66,0.0,0.0,HIGH_WR,WEAK,IGNORE,284,10000,19571.27,2817_days,29-06-2018,16-03-2026,0.06%,76,tv_backtester_jan_2024
Ensemble Fusion BINANCEUSDT.P 2026-04-03,XRP,4h,5927.73,59.28,0.5928,8.19,0.0216,67.19,67.19,4.82,1.37,173.96,73.94,2.35,10.8,-408.21,-4.09,-1552.71,-9.75,-422.7,-4.23,0.0,0.0,,WEAK,IGNORE,285,10000,15927.73,2159_days,04-05-2020,02-04-2026,0.06%,64,tv_backtester_jan_2024
VWAP Reversion BINANCEUSDT.P 2026-04-03,BTC,4h,6488.58,64.89,0.6489,8.18,0.0215,77.36,77.36,10.48,1.74,87.47,28.51,3.07,16.7,-238.58,-1.61,-684.21,-4.15,0.0,0.0,0.0,0.0,,WEAK,IGNORE,286,10000,16488.58,2324_days,21-10-2019,02-03-2026,0.06%,106,tv_backtester_jan_2024
VWAP Reversion BINANCEUSDT 2026-04-03,BTC,4h,8768.69,87.69,0.8769,8.05,0.0212,80.0,80.0,11.12,1.68,92.64,33.31,2.78,16.0,-403.26,-2.35,-866.18,-4.62,0.0,0.0,0.0,0.0,,WEAK,IGNORE,287,10000,18768.69,2970_days,08-01-2018,26-02-2026,0.06%,130,tv_backtester_jan_2024
Ichimoku V2 BINANCEUSDT 2026-04-03,BNB,4h,8859.63,88.6,0.886,7.89,0.0208,57.93,57.93,4.46,1.24,135.96,41.98,3.24,17.4,-929.82,-9.24,-2560.78,-13.58,-865.9,-8.66,0.0,0.0,,WEAK,IGNORE,288,10000,18859.63,3050_days,25-11-2017,02-04-2026,0.06%,145,tv_backtester_jan_2024
Ichimoku Pure BINANCEUSDT 2026-04-03,ETH,4h,9140.25,91.4,0.914,7.89,0.0208,37.11,37.11,1.11,0.23,719.0,383.1,1.88,41.3,-10766.13,-43.15,-85049.04,-340.89,-760.46,-7.6,-5808.66,-23.28,,WEAK,IGNORE,289,10000,19140.25,3124_days,09-09-2017,31-03-2026,0.06%,353,tv_backtester_jan_2024
Engulfing Volume BINANCEUSDT 2026-04-03,BTC,4h,8932.85,89.33,0.8933,7.79,0.0205,41.67,41.67,1.38,0.44,594.17,308.4,1.93,15.5,-3694.11,-23.1,-23746.45,-117.76,0.0,0.0,-1232.53,-6.11,,WEAK,IGNORE,290,10000,18932.85,3107_days,08-09-2017,13-03-2026,0.06%,132,tv_backtester_jan_2024
Ensemble Fusion BINANCEUSDT 2026-04-03,LDO,4h,2884.42,28.84,0.2884,7.57,0.02,76.92,76.92,6.04,0.86,172.82,95.33,1.81,7.5,-220.03,-1.68,-571.96,-4.36,-275.65,-2.76,-220.03,-1.68,LOW_SAMPLE,WEAK,LOW_TRADES,291,10000,12884.42,1269_days,09-08-2022,29-01-2026,0.06%,26,tv_backtester_jan_2024
Ichimoku Pure BINANCEUSDT 2026-04-03,LDO,4h,2832.2,28.32,0.2832,6.72,0.0178,35.19,35.19,1.1,0.24,539.31,265.8,2.03,42.2,-5511.2,-42.47,-27908.74,-206.37,-2535.04,-25.35,-691.25,-5.11,,WEAK,IGNORE,292,10000,12832.2,1401_days,28-05-2022,29-03-2026,0.06%,162,tv_backtester_jan_2024
VWAP Reversion BINANCEUSDT.P 2026-04-03,ADA,4h,4049.26,40.49,0.4049,5.88,0.0157,58.76,58.76,4.34,1.24,92.3,30.3,3.05,16.3,-501.23,-4.99,-1211.8,-8.47,-463.69,-4.64,-256.44,-1.79,,WEAK,IGNORE,293,10000,14049.26,2172_days,06-03-2020,15-02-2026,0.06%,97,tv_backtester_jan_2024
Ensemble Fusion BINANCEUSDT 2026-04-03,BNB,4h,5802.57,58.03,0.5803,5.66,0.0151,67.65,67.65,5.51,1.0,154.09,58.44,2.64,8.2,-375.87,-3.75,-1285.68,-8.14,-359.07,-3.59,0.0,0.0,,WEAK,IGNORE,294,10000,15802.57,3036_days,08-12-2017,02-04-2026,0.06%,68,tv_backtester_jan_2024
Ichimoku Pure BINANCEUSDT 2026-04-03,BTC,4h,5678.91,56.79,0.5679,5.4,0.0144,35.55,35.55,1.1,0.2,515.85,259.06,1.99,40.5,-7936.8,-45.63,-57770.64,-322.59,-542.06,-5.42,-2229.67,-12.45,,WEAK,IGNORE,295,10000,15678.91,3124_days,13-09-2017,03-04-2026,0.06%,346,tv_backtester_jan_2024
VWAP Reversion BINANCEUSDT 2026-04-03,BNB,4h,5146.34,51.46,0.5146,5.18,0.0138,51.43,51.43,4.28,1.24,93.28,23.08,4.04,17.0,-1278.61,-12.79,-1569.69,-10.36,-1277.84,-12.78,0.0,0.0,,WEAK,IGNORE,296,10000,15146.34,3000_days,21-12-2017,09-03-2026,0.06%,140,tv_backtester_jan_2024
Supertrend MACD Fusion BINANCEUSDT 2026-04-03,LDO,4h,1198.67,11.99,0.1199,3.02,0.0081,30.39,30.39,1.08,0.18,505.61,203.87,2.48,26.8,-2519.18,-22.39,-14475.11,-121.15,-1949.57,-19.5,-749.31,-6.27,,WEAK,IGNORE,297,10000,11198.67,1392_days,04-06-2022,28-03-2026,0.06%,102,tv_backtester_jan_2024
DCA Grid BINANCEUSDT 2026-04-03,LDO,4h,1038.42,10.38,0.1038,2.86,0.0077,61.16,61.16,1.22,0.22,78.71,101.84,0.77,34.6,-1832.22,-17.8,-4786.25,-41.01,-1537.94,-15.38,-632.95,-5.42,,WEAK,IGNORE,298,10000,11038.42,1279_days,26-07-2022,25-01-2026,0.06%,121,tv_backtester_jan_2024
DCA Grid BINANCEUSDT 2026-04-03,ETH,4h,1729.57,17.3,0.173,1.9,0.0052,66.4,66.4,1.18,0.17,69.06,115.89,0.6,29.6,-2572.4,-23.92,-9734.95,-82.97,-1816.63,-18.17,-4.02,-0.03,,WEAK,IGNORE,299,10000,11729.57,3088_days,18-10-2017,03-04-2026,0.06%,250,tv_backtester_jan_2024
Supertrend MACD Fusion BINANCEUSDT 2026-04-03,DOT,4h,869.07,8.69,0.0869,1.52,0.0041,29.94,29.94,1.05,0.09,390.09,158.77,2.46,28.3,-3331.64,-32.23,-17465.05,-157.39,-2993.2,-29.93,-227.61,-2.05,,WEAK,IGNORE,300,10000,10869.07,2023_days,18-09-2020,03-04-2026,0.06%,157,tv_backtester_jan_2024
Engulfing Volume BINANCEUSDT 2026-04-03,DOT,4h,613.19,6.13,0.0613,1.09,0.003,33.0,33.0,1.04,0.07,452.44,213.69,2.12,18.2,-2687.49,-23.74,-14317.21,-126.49,-1368.21,-13.68,-706.09,-6.24,,WEAK,IGNORE,301,10000,10613.19,2003_days,14-09-2020,10-03-2026,0.06%,100,tv_backtester_jan_2024
Engulfing Volume BINANCEUSDT 2026-04-03,LDO,4h,301.35,3.01,0.0301,0.85,0.0023,32.86,32.86,1.02,0.04,569.56,272.31,2.09,19.9,-6804.17,-39.78,-12798.62,-74.82,-214.97,-2.15,-6804.17,-39.78,,WEAK,IGNORE,302,10000,10301.35,1287_days,27-07-2022,03-02-2026,0.06%,70,tv_backtester_jan_2024
DCA Grid BINANCEUSDT 2026-04-03,BTC,4h,169.55,1.7,0.017,0.2,0.0005,64.47,64.47,1.02,0.02,64.38,114.74,0.56,27.0,-2755.09,-25.2,-9294.09,-80.33,-1820.57,-18.21,-1400.62,-12.11,,WEAK,IGNORE,303,10000,10169.55,3082_days,25-10-2017,03-04-2026,0.06%,228,tv_backtester_jan_2024
Liquidity Sweep Reversal BINANCEUSDT 2026-04-03,ETH,4h,-73.14,-0.73,-0.0073,-0.19,-0.0005,37.9,37.9,1.0,-0.01,354.73,217.47,1.63,32.6,-4422.09,-33.8,-16745.49,-128.01,-1340.29,-13.4,-3154.94,-24.12,,UNPROFITABLE,DO_NOT_USE,304,10000,9926.86,1391_days,31-05-2022,22-03-2026,0.06%,124,tv_backtester_jan_2024
Supertrend MACD Fusion BINANCEUSDT 2026-04-03,ETH,4h,-1527.99,-15.28,-0.1528,-1.93,-0.0053,27.91,27.91,0.94,-0.11,371.37,153.61,2.42,25.2,-5157.69,-44.96,-23809.9,-207.53,-3684.82,-36.85,-3000.86,-26.16,,UNPROFITABLE,DO_NOT_USE,305,10000,8472.01,3111_days,08-09-2017,16-03-2026,0.06%,215,tv_backtester_jan_2024
Momentum Rotation BINANCEUSDT 2026-04-03,ETH,4h,-1587.36,-15.87,-0.1587,-2.0,-0.0055,31.01,31.01,0.97,-0.05,473.21,218.62,2.16,45.2,-10674.81,-67.91,-58372.08,-371.35,-4955.91,-49.56,-7306.26,-46.48,,UNPROFITABLE,DO_NOT_USE,306,10000,8412.64,3128_days,08-09-2017,03-04-2026,0.06%,387,tv_backtester_jan_2024
Momentum Rotation BINANCEUSDT 2026-04-03,BTC,4h,-1741.8,-17.42,-0.1742,-2.21,-0.0061,32.56,32.56,0.97,-0.05,447.72,222.81,2.01,45.3,-9509.29,-59.54,-58154.22,-364.11,-3537.79,-35.38,-7713.3,-48.29,,UNPROFITABLE,DO_NOT_USE,307,10000,8258.2,3123_days,02-09-2017,23-03-2026,0.06%,387,tv_backtester_jan_2024
Supertrend MACD Fusion BINANCEUSDT 2026-04-03,BTC,4h,-2391.98,-23.92,-0.2392,-3.16,-0.0088,28.5,28.5,0.9,-0.17,357.9,158.33,2.26,25.1,-6231.31,-47.0,-24224.0,-182.73,-2974.25,-29.74,-5649.04,-42.61,,UNPROFITABLE,DO_NOT_USE,308,10000,7608.02,3113_days,13-09-2017,23-03-2026,0.06%,214,tv_backtester_jan_2024
DCA Grid BINANCEUSDT 2026-04-03,DOT,4h,-2438.75,-24.39,-0.2439,-5.03,-0.0141,55.21,55.21,0.72,-0.29,69.56,119.17,0.58,30.1,-4899.38,-39.32,-8699.14,-69.81,-2438.75,-24.39,-4899.38,-39.32,,UNPROFITABLE,DO_NOT_USE,309,10000,7561.25,1980_days,30-10-2020,03-04-2026,0.06%,163,tv_backtester_jan_2024
Engulfing Volume BINANCEUSDT 2026-04-03,ETH,4h,-3846.85,-38.47,-0.3847,-5.52,-0.0155,27.01,27.01,0.79,-0.35,382.42,179.96,2.12,16.0,-5766.62,-48.38,-17996.34,-150.98,-3846.85,-38.47,-5766.62,-48.38,,UNPROFITABLE,DO_NOT_USE,310,10000,6153.15,3124_days,08-09-2017,30-03-2026,0.06%,137,tv_backtester_jan_2024
Liquidity Sweep Reversal BINANCEUSDT 2026-04-03,BTC,4h,-3416.73,-34.17,-0.3417,-10.39,-0.03,32.54,32.54,0.77,-0.59,279.01,174.78,1.6,33.1,-3561.22,-35.1,-14856.07,-146.44,-3416.73,-34.17,-3561.22,-35.1,,UNPROFITABLE,DO_NOT_USE,311,10000,6583.27,1392_days,30-05-2022,22-03-2026,0.06%,126,tv_backtester_jan_2024
Momentum Rotation BINANCEUSDT 2026-04-03,LDO,4h,-4775.22,-47.75,-0.4775,-15.6,-0.0464,27.75,27.75,0.79,-0.53,384.63,185.9,2.07,45.2,-6151.08,-59.51,-23237.59,-224.83,-5815.34,-58.15,-5110.96,-49.45,,UNPROFITABLE,DO_NOT_USE,312,10000,5224.78,1398_days,28-05-2022,27-03-2026,0.06%,173,tv_backtester_jan_2024
Liquidity Sweep Reversal BINANCEUSDT 2026-04-03,LDO,4h,-5055.35,-50.55,-0.5055,-16.84,-0.0505,29.63,29.63,0.7,-0.91,240.46,145.59,1.65,42.4,-5798.97,-55.97,-16597.41,-160.19,-5437.78,-54.38,-5416.54,-52.28,,UNPROFITABLE,DO_NOT_USE,313,10000,4944.65,1395_days,06-06-2022,02-04-2026,0.06%,162,tv_backtester_jan_2024
