Trade #,Type,Date and time,Signal,Price USD,Position size (qty),Position size (value),Net P&L USD,Net P&L %,Favorable excursion USD,Favorable excursion %,Adverse excursion USD,Adverse excursion %,Cumulative P&L USD,Cumulative P&L %
1,Exit long,2012-01-26 12:00,Long Exit,4,1248.751248,9990.009984,-5009.99,-50.10,0,0.00,-5004.99,-50.05,-5009.99,-50.10
1,Entry long,2012-01-26 12:00,Long,8,1248.751248,9990.009984,-5009.99,-50.10,0,0.00,-5004.99,-50.05,-5009.99,-50.10
2,Exit long,2012-02-03 00:00,Long Exit,4,623.128121,4985.024968,-2499.99,-50.10,0,0.00,-2497.5,-50.05,-7509.98,-75.10
2,Entry long,2012-02-03 00:00,Long,8,623.128121,4985.024968,-2499.99,-50.10,0,0.00,-2497.5,-50.05,-7509.98,-75.10
3,Exit long,2012-02-03 16:00,Long Exit,4,310.941554,2487.532432,-1247.5,-50.10,0,0.00,-1246.25,-50.05,-8757.48,-87.57
3,Entry long,2012-02-03 16:00,Long,8,310.941554,2487.532432,-1247.5,-50.10,0,0.00,-1246.25,-50.05,-8757.48,-87.57
4,Exit long,2012-02-05 16:00,Long Exit,6,155.160146,1241.281168,-312.49,-25.15,0,0.00,-311.56,-25.07,-9069.97,-90.70
4,Entry long,2012-02-05 16:00,Long,8,155.160146,1241.281168,-312.49,-25.15,0,0.00,-311.56,-25.07,-9069.97,-90.70
5,Exit long,2012-02-22 20:00,Long Exit,5,132.728688,929.100816,-267.05,-28.71,0,0.00,-266.39,-28.64,-9337.02,-93.37
5,Entry long,2012-02-22 20:00,Long,7,132.728688,929.100816,-267.05,-28.71,0,0.00,-266.39,-28.64,-9337.02,-93.37
6,Exit long,2012-03-02 12:00,Long Exit,5,94.616783,662.317481,-190.37,-28.71,0,0.00,-189.9,-28.64,-9527.39,-95.27
6,Entry long,2012-03-02 12:00,Long,7,94.616783,662.317481,-190.37,-28.71,0,0.00,-189.9,-28.64,-9527.39,-95.27
7,Exit long,2012-03-13 16:00,Long Exit,3,67.448385,472.138695,-270.47,-57.23,0,0.00,-270.27,-57.19,-9797.86,-97.98
7,Entry long,2012-03-13 16:00,Long,7,67.448385,472.138695,-270.47,-57.23,0,0.00,-270.27,-57.19,-9797.86,-97.98
8,Exit long,2012-03-19 04:00,Long Exit,3,28.848695,201.940865,-115.68,-57.23,0,0.00,-115.6,-57.19,-9913.54,-99.14
8,Entry long,2012-03-19 04:00,Long,7,28.848695,201.940865,-115.68,-57.23,0,0.00,-115.6,-57.19,-9913.54,-99.14
9,Exit long,2012-06-07 12:00,Long Exit,6,12.339024,86.373168,-12.5,-14.46,0,0.00,-24.76,-28.64,-9926.04,-99.26
9,Entry long,2012-03-28 16:00,Long,7,12.339024,86.373168,-12.5,-14.46,0,0.00,-24.76,-28.64,-9926.04,-99.26
10,Exit long,2012-07-03 08:00,Long Exit,7,8.20958,73.88622,-16.55,-22.38,0,0.00,-16.49,-22.30,-9942.59,-99.43
10,Entry long,2012-07-03 08:00,Long,9,8.20958,73.88622,-16.55,-22.38,0,0.00,-16.49,-22.30,-9942.59,-99.43
11,Exit long,2012-07-17 00:00,Long Exit,9,5.735224,57.35224,-5.84,-10.18,0,0.00,-11.53,-20.08,-9948.43,-99.48
11,Entry long,2012-07-16 16:00,Long,10,5.735224,57.35224,-5.84,-10.18,0,0.00,-11.53,-20.08,-9948.43,-99.48
12,Exit long,2012-08-01 12:00,Long Exit,10,4.683081,51.513891,-4.78,-9.27,0,0.00,-9.42,-18.26,-9953.22,-99.53
12,Entry long,2012-07-27 12:00,Long,11,4.683081,51.513891,-4.78,-9.27,0,0.00,-9.42,-18.26,-9953.22,-99.53
13,Exit long,2012-08-09 12:00,Long Exit,12,3.595172,46.737236,-3.69,-7.88,0,0.00,-7.24,-15.47,-9956.9,-99.57
13,Entry long,2012-08-09 08:00,Long,13,3.595172,46.737236,-3.69,-7.88,0,0.00,-7.24,-15.47,-9956.9,-99.57
14,Exit long,2012-08-15 12:00,Long Exit,13,3.075419,43.055866,-3.16,-7.33,0,0.00,-6.19,-14.37,-9960.06,-99.60
14,Entry long,2012-08-14 00:00,Long,14,3.075419,43.055866,-3.16,-7.33,0,0.00,-6.19,-14.37,-9960.06,-99.60
15,Exit long,2012-09-04 00:00,Long Exit,8,3.069274,36.831288,-12.34,-33.47,0,0.00,-12.31,-33.40,-9972.4,-99.72
15,Entry long,2012-09-04 00:00,Long,12,3.069274,36.831288,-12.34,-33.47,0,0.00,-12.31,-33.40,-9972.4,-99.72
16,Exit long,2012-09-08 12:00,Long Exit,8,2.121109,27.574417,-10.65,-38.58,0,0.00,-10.63,-38.52,-9983.05,-99.83
16,Entry long,2012-09-06 00:00,Long,13,2.121109,27.574417,-10.65,-38.58,0,0.00,-10.63,-38.52,-9983.05,-99.83
17,Exit long,2012-09-14 00:00,Long Exit,9,1.302689,16.934957,-5.24,-30.91,0,0.00,-5.23,-30.84,-9988.29,-99.88
17,Entry long,2012-09-14 00:00,Long,13,1.302689,16.934957,-5.24,-30.91,0,0.00,-5.23,-30.84,-9988.29,-99.88
18,Exit long,2012-09-19 16:00,Long Exit,13,0.83577,11.70078,-0.86,-7.33,0,0.00,-1.68,-14.37,-9989.15,-99.89
18,Entry long,2012-09-18 08:00,Long,14,0.83577,11.70078,-0.86,-7.33,0,0.00,-1.68,-14.37,-9989.15,-99.89
19,Exit long,2012-10-02 16:00,Long Exit,13,0.722887,10.843305,-1.47,-13.51,0,0.00,-1.46,-13.42,-9990.61,-99.91
19,Entry long,2012-10-02 16:00,Long,15,0.722887,10.843305,-1.47,-13.51,0,0.00,-1.46,-13.42,-9990.61,-99.91
20,Exit long,2012-10-03 00:00,Long Exit,10,0.62525,9.37875,-3.14,-33.47,0,0.00,-3.14,-33.40,-9993.75,-99.94
20,Entry long,2012-10-03 00:00,Long,15,0.62525,9.37875,-3.14,-33.47,0,0.00,-3.14,-33.40,-9993.75,-99.94
21,Exit long,2012-10-08 04:00,Long Exit,9,0.445715,6.24001,-2.24,-35.84,0,0.00,-2.23,-35.78,-9995.99,-99.96
21,Entry long,2012-10-07 04:00,Long,14,0.445715,6.24001,-2.24,-35.84,0,0.00,-2.23,-35.78,-9995.99,-99.96
22,Exit long,2012-11-02 16:00,Long Exit,8,0.307955,4.003415,-1.55,-38.58,0,0.00,-1.54,-38.52,-9997.54,-99.98
22,Entry long,2012-11-01 00:00,Long,13,0.307955,4.003415,-1.55,-38.58,0,0.00,-1.54,-38.52,-9997.54,-99.98
23,Exit long,2012-11-16 12:00,Long Exit,12,0.189133,2.458729,-0.19,-7.88,0,0.00,-0.38,-15.47,-9997.73,-99.98
23,Entry long,2012-11-14 20:00,Long,13,0.189133,2.458729,-0.19,-7.88,0,0.00,-0.38,-15.47,-9997.73,-99.98
24,Exit long,2012-11-16 16:00,Long Exit,9,0.174235,2.265055,-0.7,-30.91,0,0.00,-0.7,-30.84,-9998.43,-99.98
24,Entry long,2012-11-16 16:00,Long,13,0.174235,2.265055,-0.7,-30.91,0,0.00,-0.7,-30.84,-9998.43,-99.98
25,Exit long,2012-11-28 08:00,Long Exit,13,0.111784,1.564976,-0.11,-7.33,0,0.00,-0.23,-14.37,-9998.55,-99.99
25,Entry long,2012-11-23 20:00,Long,14,0.111784,1.564976,-0.11,-7.33,0,0.00,-0.23,-14.37,-9998.55,-99.99
26,Exit long,2012-12-06 12:00,Long Exit,14,0.096686,1.45029,-0.1,-6.85,0,0.00,-0.19,-13.42,-9998.65,-99.99
26,Entry long,2012-12-04 12:00,Long,15,0.096686,1.45029,-0.1,-6.85,0,0.00,-0.19,-13.42,-9998.65,-99.99
27,Exit long,2012-12-14 16:00,Long Exit,11,0.084431,1.350896,-0.42,-31.39,0,0.00,-0.42,-31.32,-9999.07,-99.99
27,Entry long,2012-12-14 12:00,Long,16,0.084431,1.350896,-0.42,-31.39,0,0.00,-0.42,-31.32,-9999.07,-99.99
28,Exit long,2012-12-15 12:00,Long Exit,11,0.061793,0.926895,-0.25,-26.81,0,0.00,-0.25,-26.74,-9999.32,-99.99
28,Entry long,2012-12-15 12:00,Long,15,0.061793,0.926895,-0.25,-26.81,0,0.00,-0.25,-26.74,-9999.32,-99.99
29,Exit long,2013-01-08 16:00,Long Exit,11,0.045224,0.67836,-0.18,-26.81,0,0.00,-0.18,-26.74,-9999.5,-100.00
29,Entry long,2013-01-08 16:00,Long,15,0.045224,0.67836,-0.18,-26.81,0,0.00,-0.18,-26.74,-9999.5,-100.00
30,Exit long,2013-01-16 08:00,Long Exit,15,0.03103,0.49648,-0.03,-6.44,0,0.00,-0.06,-12.59,-9999.53,-100.00
30,Entry long,2013-01-15 16:00,Long,16,0.03103,0.49648,-0.03,-6.44,0,0.00,-0.06,-12.59,-9999.53,-100.00
31,Exit long,2013-01-21 12:00,Long Exit,17,0.025806,0.464508,-0.03,-5.74,0,0.00,-0.05,-11.20,-9999.56,-100.00
31,Entry long,2013-01-21 12:00,Long,18,0.025806,0.464508,-0.03,-5.74,0,0.00,-0.05,-11.20,-9999.56,-100.00
32,Exit long,2013-01-28 20:00,Long Exit,19,0.021891,0.43782,-0.02,-5.19,0,0.00,-0.04,-10.09,-9999.58,-100.00
32,Entry long,2013-01-28 08:00,Long,20,0.021891,0.43782,-0.02,-5.19,0,0.00,-0.04,-10.09,-9999.58,-100.00
33,Exit long,2013-02-07 12:00,Long Exit,22,0.018048,0.415104,-0.02,-4.54,0,0.00,-0.04,-8.79,-9999.6,-100.00
33,Entry long,2013-02-06 12:00,Long,23,0.018048,0.415104,-0.02,-4.54,0,0.00,-0.04,-8.79,-9999.6,-100.00
34,Exit long,2013-02-17 20:00,Long Exit,27,0.014152,0.396256,-0.01,-3.76,0,0.00,-0.03,-7.24,-9999.62,-100.00
34,Entry long,2013-02-17 20:00,Long,28,0.014152,0.396256,-0.01,-3.76,0,0.00,-0.03,-7.24,-9999.62,-100.00
35,Exit long,2013-02-19 08:00,Long Exit,25,0.012711,0.38133,-0.06,-16.83,0,0.00,-0.06,-16.75,-9999.68,-100.00
35,Entry long,2013-02-19 08:00,Long,30,0.012711,0.38133,-0.06,-16.83,0,0.00,-0.06,-16.75,-9999.68,-100.00
36,Exit long,2013-02-26 08:00,Long Exit,32,0.009911,0.317152,-0.001,-0.20,0,0.00,-0.02,-6.34,-9999.68,-100.00
36,Entry long,2013-02-26 08:00,Long,32,0.009911,0.317152,-0.001,-0.20,0,0.00,-0.02,-6.34,-9999.68,-100.00
37,Exit long,2013-03-05 04:00,Long Exit,38,0.008116,0.316524,-0.01,-2.76,0,0.00,-0.02,-5.22,-9999.69,-100.00
37,Entry long,2013-03-04 20:00,Long,39,0.008116,0.316524,-0.01,-2.76,0,0.00,-0.02,-5.22,-9999.69,-100.00
38,Exit long,2013-03-09 12:00,Long Exit,43,0.006412,0.301364,-0.03,-8.69,0,0.00,-0.03,-8.60,-9999.72,-100.00
38,Entry long,2013-03-09 12:00,Long,47,0.006412,0.301364,-0.03,-8.69,0,0.00,-0.03,-8.60,-9999.72,-100.00
39,Exit long,2013-03-10 20:00,Long Exit,43,0.005866,0.281568,-0.03,-10.60,0,0.00,-0.03,-10.51,-9999.75,-100.00
39,Entry long,2013-03-10 12:00,Long,48,0.005866,0.281568,-0.03,-10.60,0,0.00,-0.03,-10.51,-9999.75,-100.00
40,Exit long,2013-03-18 20:00,Long Exit,49,0.005138,0.251762,-0.001,-0.20,0,0.00,-0.01,-4.18,-9999.75,-100.00
40,Entry long,2013-03-15 12:00,Long,49,0.005138,0.251762,-0.001,-0.20,0,0.00,-0.01,-4.18,-9999.75,-100.00
41,Exit long,2013-03-25 00:00,Long Exit,67,0.003489,0.251208,-0.02,-7.13,0,0.00,-0.02,-7.04,-9999.77,-100.00
41,Entry long,2013-03-25 00:00,Long,72,0.003489,0.251208,-0.02,-7.13,0,0.00,-0.02,-7.04,-9999.77,-100.00
42,Exit long,2013-04-01 12:00,Long Exit,99,0.002381,0.233338,0.002,0.82,0.002,0.92,-0.005,-2.14,-9999.76,-100.00
42,Entry long,2013-04-01 12:00,Long,98,0.002381,0.233338,0.002,0.82,0.002,0.92,-0.005,-2.14,-9999.76,-100.00
43,Exit long,2013-04-07 08:00,Long Exit,147,0.001633,0.235152,0.004,1.88,0.005,1.98,-0.004,-1.49,-9999.76,-100.00
43,Entry long,2013-04-07 08:00,Long,144,0.001633,0.235152,0.004,1.88,0.005,1.98,-0.004,-1.49,-9999.76,-100.00
44,Exit long,2013-04-07 16:00,Long Exit,152,0.001507,0.239613,-0.01,-4.59,0.001,0.53,-0.01,-4.50,-9999.77,-100.00
44,Entry long,2013-04-07 16:00,Long,159,0.001507,0.239613,-0.01,-4.59,0.001,0.53,-0.01,-4.50,-9999.77,-100.00
45,Exit long,2013-04-15 16:00,Long Exit,89,0.002407,0.228665,-0.01,-6.50,0,0.00,-0.01,-6.41,-9999.79,-100.00
45,Entry long,2013-04-15 16:00,Long,95,0.002407,0.228665,-0.01,-6.50,0,0.00,-0.01,-6.41,-9999.79,-100.00
46,Exit long,2013-04-16 04:00,Long Exit,54,0.003623,0.213757,-0.02,-8.66,0,0.00,-0.02,-8.57,-9999.8,-100.00
46,Entry long,2013-04-16 04:00,Long,59,0.003623,0.213757,-0.02,-8.66,0,0.00,-0.02,-8.57,-9999.8,-100.00
47,Exit long,2013-04-24 00:00,Long Exit,142,0.001405,0.195295,0.004,1.95,0.004,2.06,-0.003,-1.54,-9999.8,-100.00
47,Entry long,2013-04-24 00:00,Long,139,0.001405,0.195295,0.004,1.95,0.004,2.06,-0.003,-1.54,-9999.8,-100.00
48,Exit long,2013-05-11 20:00,Long Exit,112,0.001687,0.199066,-0.01,-5.27,0,0.00,-0.01,-5.18,-9999.81,-100.00
48,Entry long,2013-05-11 16:00,Long,118,0.001687,0.199066,-0.01,-5.27,0,0.00,-0.01,-5.18,-9999.81,-100.00
49,Exit long,2013-05-24 12:00,Long Exit,126,0.001521,0.188604,0.003,1.41,0.003,1.51,-0.005,-2.52,-9999.81,-100.00
49,Entry long,2013-05-23 20:00,Long,124,0.001521,0.188604,0.003,1.41,0.003,1.51,-0.005,-2.52,-9999.81,-100.00
50,Exit long,2013-06-02 08:00,Long Exit,123,0.001471,0.19123,-0.01,-5.57,0,0.00,-0.01,-5.48,-9999.82,-100.00
50,Entry long,2013-05-31 04:00,Long,130,0.001471,0.19123,-0.01,-5.57,0,0.00,-0.01,-5.48,-9999.82,-100.00
51,Exit long,2013-06-14 04:00,Long Exit,103,0.001788,0.180588,0.003,1.78,0.003,1.88,-0.01,-3.07,-9999.82,-100.00
51,Entry long,2013-06-14 04:00,Long,101,0.001788,0.180588,0.003,1.78,0.003,1.88,-0.01,-3.07,-9999.82,-100.00
52,Exit long,2013-06-18 16:00,Long Exit,102,0.001686,0.182088,-0.01,-5.74,0,0.00,-0.01,-5.65,-9999.83,-100.00
52,Entry long,2013-06-18 16:00,Long,108,0.001686,0.182088,-0.01,-5.74,0,0.00,-0.01,-5.65,-9999.83,-100.00
53,Exit long,2013-06-24 04:00,Long Exit,96,0.001699,0.173298,-0.01,-6.07,0,0.00,-0.01,-5.98,-9999.84,-100.00
53,Entry long,2013-06-22 16:00,Long,102,0.001699,0.173298,-0.01,-6.07,0,0.00,-0.01,-5.98,-9999.84,-100.00
54,Exit long,2013-07-03 20:00,Long Exit,77,0.001962,0.162846,-0.01,-7.41,0,0.00,-0.01,-7.32,-9999.85,-100.00
54,Entry long,2013-07-03 20:00,Long,83,0.001962,0.162846,-0.01,-7.41,0,0.00,-0.01,-7.32,-9999.85,-100.00
55,Exit long,2013-07-14 20:00,Long Exit,88,0.001603,0.150682,-0.01,-6.57,0,0.00,-0.01,-6.48,-9999.86,-100.00
55,Entry long,2013-07-14 12:00,Long,94,0.001603,0.150682,-0.01,-6.57,0,0.00,-0.01,-6.48,-9999.86,-100.00
56,Exit long,2013-07-27 04:00,Long Exit,86,0.001531,0.140852,-0.01,-6.71,0,0.00,-0.01,-6.62,-9999.87,-100.00
56,Entry long,2013-07-26 04:00,Long,92,0.001531,0.140852,-0.01,-6.71,0,0.00,-0.01,-6.62,-9999.87,-100.00
57,Exit long,2013-08-07 16:00,Long Exit,94,0.001314,0.1314,-0.01,-6.19,0,0.00,-0.01,-6.09,-9999.88,-100.00
57,Entry long,2013-08-06 12:00,Long,100,0.001314,0.1314,-0.01,-6.19,0,0.00,-0.01,-6.09,-9999.88,-100.00
58,Exit long,2013-08-13 20:00,Long Exit,98,0.001271,0.123287,0.001,0.83,0.001,0.93,-0.003,-2.16,-9999.88,-100.00
58,Entry long,2013-08-13 04:00,Long,97,0.001271,0.123287,0.001,0.83,0.001,0.93,-0.003,-2.16,-9999.88,-100.00
59,Exit long,2013-08-19 08:00,Long Exit,99,0.001183,0.124215,-0.01,-5.90,0,0.00,-0.01,-5.81,-9999.88,-100.00
59,Entry long,2013-08-19 08:00,Long,105,0.001183,0.124215,-0.01,-5.90,0,0.00,-0.01,-5.81,-9999.88,-100.00
60,Exit long,2013-08-30 16:00,Long Exit,120,0.000921,0.116967,-0.01,-5.70,0,0.00,-0.01,-5.61,-9999.89,-100.00
60,Entry long,2013-08-30 16:00,Long,127,0.000921,0.116967,-0.01,-5.70,0,0.00,-0.01,-5.61,-9999.89,-100.00
61,Exit long,2013-09-11 04:00,Long Exit,119,0.000875,0.11025,-0.01,-5.74,0,0.00,-0.01,-5.65,-9999.9,-100.00
61,Entry long,2013-09-10 16:00,Long,126,0.000875,0.11025,-0.01,-5.74,0,0.00,-0.01,-5.65,-9999.9,-100.00
62,Exit long,2013-09-14 16:00,Long Exit,122,0.000812,0.103936,-0.01,-4.88,0.001,0.68,-0.005,-4.78,-9999.9,-100.00
62,Entry long,2013-09-13 00:00,Long,128,0.000812,0.103936,-0.01,-4.88,0.001,0.68,-0.005,-4.78,-9999.9,-100.00
63,Exit long,2013-09-30 08:00,Long Exit,121,0.000772,0.098044,-0.005,-4.91,0.001,1.47,-0.005,-4.82,-9999.91,-100.00
63,Entry long,2013-09-27 04:00,Long,127,0.000772,0.098044,-0.005,-4.91,0.001,1.47,-0.005,-4.82,-9999.91,-100.00
64,Exit long,2013-10-02 20:00,Long Exit,107,0.000832,0.094016,-0.01,-5.50,0,0.00,-0.01,-5.40,-9999.91,-100.00
64,Entry long,2013-10-02 20:00,Long,113,0.000832,0.094016,-0.01,-5.50,0,0.00,-0.01,-5.40,-9999.91,-100.00
65,Exit long,2013-10-13 16:00,Long Exit,131,0.000689,0.088881,0.001,1.35,0.001,1.45,-0.002,-2.42,-9999.91,-100.00
65,Entry long,2013-10-11 08:00,Long,129,0.000689,0.088881,0.001,1.35,0.001,1.45,-0.002,-2.42,-9999.91,-100.00
66,Exit long,2013-10-29 12:00,Long Exit,200,0.000462,0.09009,0.002,2.36,0.002,2.46,-0.002,-2.15,-9999.91,-100.00
66,Entry long,2013-10-28 04:00,Long,195,0.000462,0.09009,0.002,2.36,0.002,2.46,-0.002,-2.15,-9999.91,-100.00
67,Exit long,2013-11-04 00:00,Long Exit,212,0.000445,0.092115,0.002,2.21,0.002,2.31,-0.001,-1.55,-9999.91,-100.00
67,Entry long,2013-11-03 04:00,Long,207,0.000445,0.092115,0.002,2.21,0.002,2.31,-0.001,-1.55,-9999.91,-100.00
68,Exit long,2013-11-12 08:00,Long Exit,356,0.000271,0.094037,0.002,2.39,0.002,2.49,-0.001,-1.25,-9999.9,-100.00
68,Entry long,2013-11-12 08:00,Long,347,0.000271,0.094037,0.002,2.39,0.002,2.49,-0.001,-1.25,-9999.9,-100.00
69,Exit long,2013-11-22 04:00,Long Exit,703,0.000134,0.096212,-0.002,-2.28,0.0002,0.18,-0.002,-2.19,-9999.91,-100.00
69,Entry long,2013-11-22 04:00,Long,718,0.000134,0.096212,-0.002,-2.28,0.0002,0.18,-0.002,-2.19,-9999.91,-100.00
70,Exit long,2013-11-27 08:00,Long Exit,887,0.000104,0.09412,-0.002,-2.18,0.002,2.11,-0.002,-2.09,-9999.91,-100.00
70,Entry long,2013-11-27 04:00,Long,905,0.000104,0.09412,-0.002,-2.18,0.002,2.11,-0.002,-2.09,-9999.91,-100.00
71,Exit long,2013-12-04 20:00,Long Exit,1128,0.00008,0.092,-0.002,-2.11,0,0.00,-0.002,-2.01,-9999.91,-100.00
71,Entry long,2013-12-04 20:00,Long,1150,0.00008,0.092,-0.002,-2.11,0,0.00,-0.002,-2.01,-9999.91,-100.00
72,Exit short,2013-12-12 16:00,Short Exit,844,0.000103,0.08961,0.003,2.79,0.003,2.89,-0.0003,-0.33,-9999.91,-100.00
72,Entry short,2013-12-12 16:00,Short,870,0.000103,0.08961,0.003,2.79,0.003,2.89,-0.0003,-0.33,-9999.91,-100.00
73,Exit short,2013-12-16 12:00,Margin call,817,0.000114,0.09234,-0.001,-1.06,0,0.00,-0.001,-0.96,-9999.91,-100.00
73,Entry short,2013-12-16 12:00,Short,810,0.000114,0.09234,-0.001,-1.06,0,0.00,-0.001,-0.96,-9999.91,-100.00
74,Exit long,2013-12-24 16:00,Long Exit,629,0.000142,0.091306,-0.002,-2.37,0,0.00,-0.002,-2.28,-9999.91,-100.00
74,Entry long,2013-12-24 16:00,Long,643,0.000142,0.091306,-0.002,-2.37,0,0.00,-0.002,-2.28,-9999.91,-100.00
75,Exit long,2013-12-26 04:00,Long Exit,713,0.000129,0.089526,0.002,2.53,0.002,2.64,-0.001,-1.40,-9999.91,-100.00
75,Entry long,2013-12-26 04:00,Long,694,0.000129,0.089526,0.002,2.53,0.002,2.64,-0.001,-1.40,-9999.91,-100.00
76,Exit long,2014-01-02 16:00,Long Exit,768,0.000123,0.091881,0.002,2.61,0.002,2.71,-0.002,-1.70,-9999.91,-100.00
76,Entry long,2014-01-01 04:00,Long,747,0.000123,0.091881,0.002,2.61,0.002,2.71,-0.002,-1.70,-9999.91,-100.00
77,Exit long,2014-01-11 16:00,Long Exit,877,0.000105,0.093975,-0.002,-2.21,0.001,1.35,-0.002,-2.11,-9999.91,-100.00
77,Entry long,2014-01-11 16:00,Long,895,0.000105,0.093975,-0.002,-2.21,0.001,1.35,-0.002,-2.11,-9999.91,-100.00
78,Exit short,2014-01-17 20:00,Margin call,782,0.000118,0.091804,-0.001,-0.71,0,0.00,-0.001,-0.61,-9999.91,-100.00
78,Entry short,2014-01-17 20:00,Short,778,0.000118,0.091804,-0.001,-0.71,0,0.00,-0.001,-0.61,-9999.91,-100.00
79,Exit long,2014-01-20 04:00,Long Exit,826,0.000108,0.091044,-0.002,-2.21,0.0001,0.14,-0.002,-2.11,-9999.91,-100.00
79,Entry long,2014-01-20 04:00,Long,843,0.000108,0.091044,-0.002,-2.21,0.0001,0.14,-0.002,-2.11,-9999.91,-100.00
80,Exit short,2014-01-24 08:00,Short Exit,784,0.000116,0.089088,-0.002,-2.28,0,0.00,-0.002,-2.18,-9999.91,-100.00
80,Entry short,2014-01-24 08:00,Short,768,0.000116,0.089088,-0.002,-2.28,0,0.00,-0.002,-2.18,-9999.91,-100.00
81,Exit long,2014-01-28 00:00,Long Exit,772,0.000116,0.087348,0.002,2.32,0.002,2.42,-0.001,-1.56,-9999.91,-100.00
81,Entry long,2014-01-28 00:00,Long,753,0.000116,0.087348,0.002,2.32,0.002,2.42,-0.001,-1.56,-9999.91,-100.00
82,Exit long,2014-02-03 04:00,Long Exit,805,0.000109,0.089489,-0.002,-2.14,0.0003,0.39,-0.002,-2.05,-9999.91,-100.00
82,Entry long,2014-02-01 20:00,Long,821,0.000109,0.089489,-0.002,-2.14,0.0003,0.39,-0.002,-2.05,-9999.91,-100.00
83,Exit short,2014-02-06 08:00,Short Exit,786,0.000113,0.08701,-0.002,-2.28,0.002,2.24,-0.002,-2.18,-9999.91,-100.00
83,Entry short,2014-02-06 08:00,Short,770,0.000113,0.08701,-0.002,-2.28,0.002,2.24,-0.002,-2.18,-9999.91,-100.00
84,Exit long,2014-03-03 16:00,Long Exit,608,0.000137,0.085214,-0.002,-2.45,0,0.00,-0.002,-2.35,-9999.92,-100.00
84,Entry long,2014-03-03 16:00,Long,622,0.000137,0.085214,-0.002,-2.45,0,0.00,-0.002,-2.35,-9999.92,-100.00
85,Exit short,2014-03-07 20:00,Margin call,630,0.000133,0.083258,-0.001,-0.84,0,0.00,-0.001,-0.74,-9999.92,-100.00
85,Entry short,2014-03-07 20:00,Short,626,0.000133,0.083258,-0.001,-0.84,0,0.00,-0.001,-0.74,-9999.92,-100.00
86,Exit short,2014-03-08 04:00,Margin call,629,0.000008,0.004952,-0.0001,-1.82,0.00001,0.22,-0.0001,-1.71,-9999.92,-100.00
86,Entry short,2014-03-08 04:00,Short,619,0.000008,0.004952,-0.0001,-1.82,0.00001,0.22,-0.0001,-1.71,-9999.92,-100.00
87,Exit short,2014-03-08 08:00,Short Exit,633,0.000125,0.077375,-0.002,-2.46,0.0002,0.22,-0.002,-2.36,-9999.92,-100.00
87,Entry short,2014-03-08 04:00,Short,619,0.000125,0.077375,-0.002,-2.46,0.0002,0.22,-0.002,-2.36,-9999.92,-100.00
88,Exit long,2014-03-11 12:00,Long Exit,617,0.000128,0.080512,-0.002,-2.10,0.00005,0.06,-0.002,-2.01,-9999.92,-100.00
88,Entry long,2014-03-11 12:00,Long,629,0.000128,0.080512,-0.002,-2.10,0.00005,0.06,-0.002,-2.01,-9999.92,-100.00
89,Exit long,2014-03-26 00:00,Long Exit,573,0.000135,0.07911,-0.002,-2.41,0,0.00,-0.002,-2.32,-9999.92,-100.00
89,Entry long,2014-03-26 00:00,Long,586,0.000135,0.07911,-0.002,-2.41,0,0.00,-0.002,-2.32,-9999.92,-100.00
90,Exit long,2014-03-27 00:00,Long Exit,576,0.000131,0.077159,-0.002,-2.40,0,0.00,-0.002,-2.30,-9999.92,-100.00
90,Entry long,2014-03-26 16:00,Long,589,0.000131,0.077159,-0.002,-2.40,0,0.00,-0.002,-2.30,-9999.92,-100.00
91,Exit short,2014-03-31 00:00,Margin call,462,0.000164,0.075112,-0.001,-1.07,0,0.00,-0.001,-0.97,-9999.92,-100.00
91,Entry short,2014-03-31 00:00,Short,458,0.000164,0.075112,-0.001,-1.07,0,0.00,-0.001,-0.97,-9999.92,-100.00
92,Exit short,2014-04-10 04:00,Margin call,430,0.000174,0.074124,-0.001,-1.14,0,0.00,-0.001,-1.04,-9999.93,-100.00
92,Entry short,2014-04-10 04:00,Short,426,0.000174,0.074124,-0.001,-1.14,0,0.00,-0.001,-1.04,-9999.93,-100.00
93,Exit short,2014-04-18 20:00,Margin call,487,0.000152,0.073416,-0.001,-1.03,0,0.00,-0.001,-0.93,-9999.93,-100.00
93,Entry short,2014-04-18 20:00,Short,483,0.000152,0.073416,-0.001,-1.03,0,0.00,-0.001,-0.93,-9999.93,-100.00
94,Exit short,2014-04-20 20:00,Margin call,499,0.000147,0.072765,-0.001,-1.01,0,0.00,-0.001,-0.91,-9999.93,-100.00
94,Entry short,2014-04-20 20:00,Short,495,0.000147,0.072765,-0.001,-1.01,0,0.00,-0.001,-0.91,-9999.93,-100.00
95,Exit long,2014-05-08 20:00,Long Exit,436,0.000161,0.071967,-0.002,-2.66,0.0004,0.57,-0.002,-2.56,-9999.93,-100.00
95,Entry long,2014-05-08 12:00,Long,447,0.000161,0.071967,-0.002,-2.66,0.0004,0.57,-0.002,-2.56,-9999.93,-100.00
96,Exit long,2014-05-11 16:00,Long Exit,430,0.000159,0.070119,-0.002,-2.69,0,0.00,-0.002,-2.59,-9999.93,-100.00
96,Entry long,2014-05-11 16:00,Long,441,0.000159,0.070119,-0.002,-2.69,0,0.00,-0.002,-2.59,-9999.93,-100.00
97,Exit long,2014-05-19 00:00,Long Exit,442,0.000151,0.068403,-0.002,-2.62,0,0.00,-0.002,-2.53,-9999.93,-100.00
97,Entry long,2014-05-15 12:00,Long,453,0.000151,0.068403,-0.002,-2.62,0,0.00,-0.002,-2.53,-9999.93,-100.00
98,Exit long,2014-05-20 08:00,Long Exit,452,0.000144,0.066672,-0.002,-2.57,0.0001,0.12,-0.002,-2.47,-9999.93,-100.00
98,Entry long,2014-05-20 08:00,Long,463,0.000144,0.066672,-0.002,-2.57,0.0001,0.12,-0.002,-2.47,-9999.93,-100.00
99,Exit long,2014-06-01 00:00,Long Exit,632,0.000105,0.064575,0.002,2.56,0.002,2.66,-0.0005,-0.75,-9999.93,-100.00
99,Entry long,2014-05-30 20:00,Long,615,0.000105,0.064575,0.002,2.56,0.002,2.66,-0.0005,-0.75,-9999.93,-100.00
100,Exit short,2014-06-06 08:00,Margin call,664,0.000004,0.00262,-0.00004,-1.57,0.00001,0.36,-0.00004,-1.47,-9999.93,-100.00
100,Entry short,2014-06-06 08:00,Short,655,0.000004,0.00262,-0.00004,-1.57,0.00001,0.36,-0.00004,-1.47,-9999.93,-100.00
101,Exit short,2014-06-07 00:00,Short Exit,637,0.000097,0.063535,0.002,2.55,0.002,2.65,-0.001,-1.47,-9999.93,-100.00
101,Entry short,2014-06-06 08:00,Short,655,0.000097,0.063535,0.002,2.55,0.002,2.65,-0.001,-1.47,-9999.93,-100.00
102,Exit short,2014-06-16 08:00,Margin call,604,0.000113,0.0678,-0.001,-0.87,0,0.00,-0.001,-0.77,-9999.93,-100.00
102,Entry short,2014-06-16 08:00,Short,600,0.000113,0.0678,-0.001,-0.87,0,0.00,-0.001,-0.77,-9999.93,-100.00
103,Exit long,2014-06-20 04:00,Long Exit,584,0.000113,0.067461,-0.002,-2.37,0.00005,0.07,-0.002,-2.28,-9999.93,-100.00
103,Entry long,2014-06-20 04:00,Long,597,0.000113,0.067461,-0.002,-2.37,0.00005,0.07,-0.002,-2.28,-9999.93,-100.00
104,Exit short,2014-06-24 08:00,Margin call,587,0.000113,0.065879,-0.001,-0.89,0,0.00,-0.001,-0.79,-9999.93,-100.00
104,Entry short,2014-06-24 08:00,Short,583,0.000113,0.065879,-0.001,-0.89,0,0.00,-0.001,-0.79,-9999.93,-100.00
105,Exit short,2014-07-05 00:00,Margin call,631,0.000104,0.065208,-0.001,-0.84,0,0.00,-0.0005,-0.74,-9999.93,-100.00
105,Entry short,2014-07-05 00:00,Short,627,0.000104,0.065208,-0.001,-0.84,0,0.00,-0.0005,-0.74,-9999.93,-100.00
106,Exit short,2014-07-11 08:00,Margin call,631,0.000008,0.00496,-0.0001,-1.97,0.0001,1.83,-0.0001,-1.87,-9999.94,-100.00
106,Entry short,2014-07-10 04:00,Short,620,0.000008,0.00496,-0.0001,-1.97,0.0001,1.83,-0.0001,-1.87,-9999.94,-100.00
107,Exit short,2014-07-11 16:00,Short Exit,634,0.000096,0.05952,-0.001,-2.46,0.001,1.83,-0.001,-2.36,-9999.94,-100.00
107,Entry short,2014-07-10 04:00,Short,620,0.000096,0.05952,-0.001,-2.46,0.001,1.83,-0.001,-2.36,-9999.94,-100.00
108,Exit long,2014-07-14 00:00,Long Exit,623,0.000099,0.063063,-0.002,-2.39,0.001,0.84,-0.001,-2.30,-9999.94,-100.00
108,Entry long,2014-07-11 20:00,Long,637,0.000099,0.063063,-0.002,-2.39,0.001,0.84,-0.001,-2.30,-9999.94,-100.00
109,Exit short,2014-07-14 20:00,Margin call,626,0.000099,0.061578,-0.001,-0.84,0,0.00,-0.0005,-0.74,-9999.94,-100.00
109,Entry short,2014-07-14 20:00,Short,622,0.000099,0.061578,-0.001,-0.84,0,0.00,-0.0005,-0.74,-9999.94,-100.00
110,Exit short,2014-07-24 16:00,Margin call,608,0.000101,0.060701,-0.001,-1.36,0,0.00,-0.001,-1.26,-9999.94,-100.00
110,Entry short,2014-07-24 16:00,Short,601,0.000101,0.060701,-0.001,-1.36,0,0.00,-0.001,-1.26,-9999.94,-100.00
111,Exit short,2014-07-28 16:00,Margin call,583,0.000104,0.060216,-0.001,-0.89,0,0.00,-0.0005,-0.79,-9999.94,-100.00
111,Entry short,2014-07-28 16:00,Short,579,0.000104,0.060216,-0.001,-0.89,0,0.00,-0.0005,-0.79,-9999.94,-100.00
112,Exit short,2014-07-30 12:00,Margin call,572,0.000105,0.05964,-0.001,-0.90,0,0.00,-0.0005,-0.80,-9999.94,-100.00
112,Entry short,2014-07-30 12:00,Short,568,0.000105,0.05964,-0.001,-0.90,0,0.00,-0.0005,-0.80,-9999.94,-100.00
113,Exit long,2014-08-11 16:00,Long Exit,580,0.0001,0.0591,-0.001,-2.06,0.001,0.91,-0.001,-1.96,-9999.94,-100.00
113,Entry long,2014-08-08 20:00,Long,591,0.0001,0.0591,-0.001,-2.06,0.001,0.91,-0.001,-1.96,-9999.94,-100.00
114,Exit short,2014-08-12 00:00,Margin call,577,0.000101,0.057873,-0.001,-0.90,0,0.00,-0.0005,-0.80,-9999.94,-100.00
114,Entry short,2014-08-12 00:00,Short,573,0.000101,0.057873,-0.001,-0.90,0,0.00,-0.0005,-0.80,-9999.94,-100.00
115,Exit short,2014-08-18 12:00,Margin call,471,0.000123,0.057441,-0.001,-1.06,0,0.00,-0.001,-0.96,-9999.94,-100.00
115,Entry short,2014-08-18 12:00,Short,467,0.000123,0.057441,-0.001,-1.06,0,0.00,-0.001,-0.96,-9999.94,-100.00
116,Exit short,2014-08-18 20:00,Margin call,465,0.000123,0.056703,-0.001,-1.07,0,0.00,-0.001,-0.97,-9999.94,-100.00
116,Entry short,2014-08-18 20:00,Short,461,0.000123,0.056703,-0.001,-1.07,0,0.00,-0.001,-0.97,-9999.94,-100.00
117,Exit long,2014-08-28 08:00,Long Exit,505,0.000109,0.056353,-0.001,-2.52,0.001,1.06,-0.001,-2.42,-9999.94,-100.00
117,Entry long,2014-08-27 04:00,Long,517,0.000109,0.056353,-0.001,-2.52,0.001,1.06,-0.001,-2.42,-9999.94,-100.00
118,Exit short,2014-08-30 04:00,Margin call,506,0.000109,0.054718,-0.001,-1.00,0,0.00,-0.0005,-0.90,-9999.94,-100.00
118,Entry short,2014-08-30 04:00,Short,502,0.000109,0.054718,-0.001,-1.00,0,0.00,-0.0005,-0.90,-9999.94,-100.00
119,Exit short,2014-08-31 08:00,Margin call,496,0.00011,0.05412,-0.001,-1.01,0,0.00,-0.0005,-0.91,-9999.95,-100.00
119,Entry short,2014-08-31 08:00,Short,492,0.00011,0.05412,-0.001,-1.01,0,0.00,-0.0005,-0.91,-9999.95,-100.00
120,Exit long,2014-09-05 20:00,Long Exit,475,0.00011,0.05368,-0.002,-2.86,0,0.00,-0.001,-2.76,-9999.95,-100.00
120,Entry long,2014-09-05 12:00,Long,488,0.00011,0.05368,-0.002,-2.86,0,0.00,-0.001,-2.76,-9999.95,-100.00
121,Exit long,2014-09-08 00:00,Long Exit,470,0.000108,0.052056,-0.001,-2.68,0.0003,0.52,-0.001,-2.59,-9999.95,-100.00
121,Entry long,2014-09-06 04:00,Long,482,0.000108,0.052056,-0.001,-2.68,0.0003,0.52,-0.001,-2.59,-9999.95,-100.00
122,Exit short,2014-09-08 08:00,Margin call,470,0.000109,0.050794,-0.001,-1.06,0,0.00,-0.0005,-0.96,-9999.95,-100.00
122,Entry short,2014-09-08 08:00,Short,466,0.000109,0.050794,-0.001,-1.06,0,0.00,-0.0005,-0.96,-9999.95,-100.00
123,Exit long,2014-09-11 16:00,Long Exit,465,0.000105,0.050085,-0.001,-2.71,0,0.00,-0.001,-2.61,-9999.95,-100.00
123,Entry long,2014-09-11 12:00,Long,477,0.000105,0.050085,-0.001,-2.71,0,0.00,-0.001,-2.61,-9999.95,-100.00
124,Exit long,2014-09-12 08:00,Long Exit,465,0.000103,0.049131,-0.001,-2.71,0.0001,0.11,-0.001,-2.61,-9999.95,-100.00
124,Entry long,2014-09-12 04:00,Long,477,0.000103,0.049131,-0.001,-2.71,0.0001,0.11,-0.001,-2.61,-9999.95,-100.00
125,Exit short,2014-09-23 20:00,Margin call,440,0.000109,0.047524,-0.001,-1.12,0,0.00,-0.0005,-1.02,-9999.95,-100.00
125,Entry short,2014-09-23 20:00,Short,436,0.000109,0.047524,-0.001,-1.12,0,0.00,-0.0005,-1.02,-9999.95,-100.00
126,Exit short,2014-10-03 08:00,Margin call,379,0.000004,0.0015,-0.00002,-1.27,0,0.00,-0.00002,-1.17,-9999.95,-100.00
126,Entry short,2014-10-03 08:00,Short,375,0.000004,0.0015,-0.00002,-1.27,0,0.00,-0.00002,-1.17,-9999.95,-100.00
127,Exit short,2014-10-03 12:00,Short Exit,364,0.000122,0.04575,0.001,2.73,0.001,2.83,-0.001,-1.17,-9999.95,-100.00
127,Entry short,2014-10-03 08:00,Short,375,0.000122,0.04575,0.001,2.73,0.001,2.83,-0.001,-1.17,-9999.95,-100.00
128,Exit long,2014-10-09 08:00,Long Exit,366,0.000135,0.048195,0.001,2.32,0.001,2.42,-0.001,-2.06,-9999.95,-100.00
128,Entry long,2014-10-09 04:00,Long,357,0.000135,0.048195,0.001,2.32,0.001,2.42,-0.001,-2.06,-9999.95,-100.00
129,Exit short,2014-10-13 08:00,Margin call,381,0.000131,0.049387,-0.001,-1.26,0,0.00,-0.001,-1.16,-9999.95,-100.00
129,Entry short,2014-10-13 08:00,Short,377,0.000131,0.049387,-0.001,-1.26,0,0.00,-0.001,-1.16,-9999.95,-100.00
130,Exit short,2014-10-17 08:00,Margin call,385,0.000128,0.048768,-0.001,-1.25,0,0.00,-0.001,-1.15,-9999.95,-100.00
130,Entry short,2014-10-17 08:00,Short,381,0.000128,0.048768,-0.001,-1.25,0,0.00,-0.001,-1.15,-9999.95,-100.00
131,Exit short,2014-10-30 00:00,Margin call,338,0.000144,0.048096,-0.001,-1.40,0,0.00,-0.001,-1.30,-9999.95,-100.00
131,Entry short,2014-10-30 00:00,Short,334,0.000144,0.048096,-0.001,-1.40,0,0.00,-0.001,-1.30,-9999.95,-100.00
132,Exit long,2014-11-05 16:00,Long Exit,335,0.000138,0.047472,-0.001,-2.81,0,0.00,-0.001,-2.71,-9999.95,-100.00
132,Entry long,2014-11-05 16:00,Long,344,0.000138,0.047472,-0.001,-2.81,0,0.00,-0.001,-2.71,-9999.95,-100.00
133,Exit long,2014-11-10 08:00,Long Exit,369,0.000128,0.04608,0.001,2.30,0.001,2.40,-0.001,-1.49,-9999.95,-100.00
133,Entry long,2014-11-09 16:00,Long,360,0.000128,0.04608,0.001,2.30,0.001,2.40,-0.001,-1.49,-9999.95,-100.00
134,Exit long,2014-11-18 12:00,Long Exit,370,0.000124,0.046996,-0.001,-2.57,0.0003,0.69,-0.001,-2.47,-9999.95,-100.00
134,Entry long,2014-11-18 12:00,Long,379,0.000124,0.046996,-0.001,-2.57,0.0003,0.69,-0.001,-2.47,-9999.95,-100.00
135,Exit long,2014-11-24 12:00,Long Exit,381,0.000124,0.046128,0.001,2.21,0.001,2.32,-0.0004,-0.91,-9999.95,-100.00
135,Entry long,2014-11-24 08:00,Long,372,0.000124,0.046128,0.001,2.21,0.001,2.32,-0.0004,-0.91,-9999.95,-100.00
136,Exit long,2014-12-04 08:00,Long Exit,369,0.000124,0.046996,-0.001,-2.83,0.0004,0.95,-0.001,-2.74,-9999.95,-100.00
136,Entry long,2014-11-30 04:00,Long,379,0.000124,0.046996,-0.001,-2.83,0.0004,0.95,-0.001,-2.74,-9999.95,-100.00
137,Exit long,2014-12-08 20:00,Long Exit,358,0.000124,0.045632,-0.001,-2.91,0.0001,0.17,-0.001,-2.81,-9999.95,-100.00
137,Entry long,2014-12-08 20:00,Long,368,0.000124,0.045632,-0.001,-2.91,0.0001,0.17,-0.001,-2.81,-9999.95,-100.00
138,Exit long,2014-12-24 12:00,Long Exit,326,0.000132,0.044352,-0.001,-3.17,0,0.00,-0.001,-3.07,-9999.96,-100.00
138,Entry long,2014-12-24 04:00,Long,336,0.000132,0.044352,-0.001,-3.17,0,0.00,-0.001,-3.07,-9999.96,-100.00
139,Exit long,2015-01-18 00:00,Long Exit,194,0.000214,0.043014,-0.002,-3.68,0,0.00,-0.002,-3.58,-9999.96,-100.00
139,Entry long,2015-01-17 20:00,Long,201,0.000214,0.043014,-0.002,-3.68,0,0.00,-0.002,-3.58,-9999.96,-100.00
140,Exit long,2015-01-20 00:00,Long Exit,211,0.00019,0.04142,-0.001,-3.40,0,0.00,-0.001,-3.31,-9999.96,-100.00
140,Entry long,2015-01-20 00:00,Long,218,0.00019,0.04142,-0.001,-3.40,0,0.00,-0.001,-3.31,-9999.96,-100.00
141,Exit long,2015-01-22 04:00,Long Exit,226,0.000171,0.039843,-0.001,-3.20,0,0.00,-0.001,-3.10,-9999.96,-100.00
141,Entry long,2015-01-22 04:00,Long,233,0.000171,0.039843,-0.001,-3.20,0,0.00,-0.001,-3.10,-9999.96,-100.00
142,Exit long,2015-02-03 16:00,Long Exit,232,0.000162,0.03888,-0.001,-3.53,0.001,1.57,-0.001,-3.43,-9999.96,-100.00
142,Entry long,2015-02-03 00:00,Long,240,0.000162,0.03888,-0.001,-3.53,0.001,1.57,-0.001,-3.43,-9999.96,-100.00
143,Exit long,2015-02-13 08:00,Long Exit,238,0.000161,0.037352,0.001,2.38,0.001,2.48,-0.0004,-0.96,-9999.96,-100.00
143,Entry long,2015-02-13 08:00,Long,232,0.000161,0.037352,0.001,2.38,0.001,2.48,-0.0004,-0.96,-9999.96,-100.00
144,Exit long,2015-02-22 12:00,Long Exit,240,0.000154,0.038346,-0.001,-3.81,0,0.00,-0.001,-3.71,-9999.96,-100.00
144,Entry long,2015-02-21 04:00,Long,249,0.000154,0.038346,-0.001,-3.81,0,0.00,-0.001,-3.71,-9999.96,-100.00
145,Exit long,2015-02-23 08:00,Long Exit,230,0.000154,0.036652,-0.001,-3.55,0,0.00,-0.001,-3.46,-9999.96,-100.00
145,Entry long,2015-02-23 00:00,Long,238,0.000154,0.036652,-0.001,-3.55,0,0.00,-0.001,-3.46,-9999.96,-100.00
146,Exit long,2015-02-28 00:00,Long Exit,245,0.000141,0.035673,-0.001,-3.36,0.0004,1.08,-0.001,-3.26,-9999.97,-100.00
146,Entry long,2015-02-27 08:00,Long,253,0.000141,0.035673,-0.001,-3.36,0.0004,1.08,-0.001,-3.26,-9999.97,-100.00
147,Exit long,2015-03-02 16:00,Long Exit,270,0.00013,0.03432,0.001,2.07,0.001,2.17,-0.0003,-0.86,-9999.96,-100.00
147,Entry long,2015-03-02 16:00,Long,264,0.00013,0.03432,0.001,2.07,0.001,2.17,-0.0003,-0.86,-9999.96,-100.00
148,Exit long,2015-03-09 16:00,Long Exit,288,0.000124,0.034968,0.001,1.92,0.001,2.03,-0.001,-2.23,-9999.96,-100.00
148,Entry long,2015-03-09 12:00,Long,282,0.000124,0.034968,0.001,1.92,0.001,2.03,-0.001,-2.23,-9999.96,-100.00
149,Exit long,2015-03-17 20:00,Long Exit,283,0.000122,0.035746,-0.001,-3.61,0,0.00,-0.001,-3.51,-9999.97,-100.00
149,Entry long,2015-03-16 16:00,Long,293,0.000122,0.035746,-0.001,-3.61,0,0.00,-0.001,-3.51,-9999.97,-100.00
150,Exit long,2015-03-23 12:00,Long Exit,262,0.000127,0.034417,-0.001,-3.51,0,0.00,-0.001,-3.42,-9999.97,-100.00
150,Entry long,2015-03-23 08:00,Long,271,0.000127,0.034417,-0.001,-3.51,0,0.00,-0.001,-3.42,-9999.97,-100.00
151,Exit long,2015-03-29 20:00,Long Exit,238,0.000135,0.03321,-0.001,-3.45,0,0.00,-0.001,-3.35,-9999.97,-100.00
151,Entry long,2015-03-29 20:00,Long,246,0.000135,0.03321,-0.001,-3.45,0,0.00,-0.001,-3.35,-9999.97,-100.00
152,Exit long,2015-04-06 00:00,Long Exit,262,0.000125,0.031875,0.001,2.54,0.001,2.64,-0.001,-1.67,-9999.97,-100.00
152,Entry long,2015-04-02 20:00,Long,255,0.000125,0.031875,0.001,2.54,0.001,2.64,-0.001,-1.67,-9999.97,-100.00
153,Exit long,2015-04-06 16:00,Long Exit,254,0.000125,0.032875,-0.001,-3.62,0,0.00,-0.001,-3.52,-9999.97,-100.00
153,Entry long,2015-04-06 04:00,Long,263,0.000125,0.032875,-0.001,-3.62,0,0.00,-0.001,-3.52,-9999.97,-100.00
154,Exit long,2015-04-17 08:00,Long Exit,222,0.000138,0.03174,-0.001,-3.67,0,0.00,-0.001,-3.57,-9999.97,-100.00
154,Entry long,2015-04-17 04:00,Long,230,0.000138,0.03174,-0.001,-3.67,0,0.00,-0.001,-3.57,-9999.97,-100.00
155,Exit long,2015-04-21 20:00,Long Exit,229,0.000137,0.030688,0.001,2.03,0.001,2.13,-0.0004,-1.44,-9999.97,-100.00
155,Entry long,2015-04-18 12:00,Long,224,0.000137,0.030688,0.001,2.03,0.001,2.13,-0.0004,-1.44,-9999.97,-100.00
156,Exit long,2015-04-22 20:00,Long Exit,230,0.000131,0.031178,-0.001,-3.55,0.0001,0.32,-0.001,-3.46,-9999.97,-100.00
156,Entry long,2015-04-22 00:00,Long,238,0.000131,0.031178,-0.001,-3.55,0.0001,0.32,-0.001,-3.46,-9999.97,-100.00
157,Exit long,2015-04-30 20:00,Long Exit,240,0.000129,0.030186,0.001,2.36,0.001,2.46,-0.0003,-0.95,-9999.97,-100.00
157,Entry long,2015-04-30 12:00,Long,234,0.000129,0.030186,0.001,2.36,0.001,2.46,-0.0003,-0.95,-9999.97,-100.00
158,Exit long,2015-05-04 00:00,Long Exit,235,0.000127,0.030861,-0.001,-3.49,0,0.00,-0.001,-3.39,-9999.97,-100.00
158,Entry long,2015-05-03 20:00,Long,243,0.000127,0.030861,-0.001,-3.49,0,0.00,-0.001,-3.39,-9999.97,-100.00
159,Exit long,2015-05-30 08:00,Long Exit,230,0.000125,0.02975,-0.001,-3.55,0.0005,1.58,-0.001,-3.46,-9999.97,-100.00
159,Entry long,2015-05-22 08:00,Long,238,0.000125,0.02975,-0.001,-3.55,0.0005,1.58,-0.001,-3.46,-9999.97,-100.00
160,Exit long,2015-06-15 16:00,Long Exit,237,0.000124,0.028644,0.001,2.39,0.001,2.49,-0.001,-1.83,-9999.97,-100.00
160,Entry long,2015-06-08 20:00,Long,231,0.000124,0.028644,0.001,2.39,0.001,2.49,-0.001,-1.83,-9999.97,-100.00
161,Exit long,2015-06-29 08:00,Long Exit,255,0.000118,0.029382,0.001,2.21,0.001,2.31,-0.0003,-0.90,-9999.97,-100.00
161,Entry long,2015-06-27 16:00,Long,249,0.000118,0.029382,0.001,2.21,0.001,2.31,-0.0003,-0.90,-9999.97,-100.00
162,Exit long,2015-07-10 12:00,Long Exit,281,0.000103,0.02987,-0.001,-3.30,0,0.00,-0.001,-3.20,-9999.97,-100.00
162,Entry long,2015-07-10 12:00,Long,290,0.000103,0.02987,-0.001,-3.30,0,0.00,-0.001,-3.20,-9999.97,-100.00
163,Exit short,2015-07-16 20:00,Margin call,279,0.000105,0.028875,-0.0005,-1.65,0,0.00,-0.0004,-1.55,-9999.97,-100.00
163,Entry short,2015-07-16 20:00,Short,275,0.000105,0.028875,-0.0005,-1.65,0,0.00,-0.0004,-1.55,-9999.97,-100.00
164,Exit long,2015-07-22 00:00,Long Exit,273,0.000101,0.028482,-0.001,-3.38,0,0.00,-0.001,-3.29,-9999.97,-100.00
164,Entry long,2015-07-21 20:00,Long,282,0.000101,0.028482,-0.001,-3.38,0,0.00,-0.001,-3.29,-9999.97,-100.00
165,Exit short,2015-07-24 12:00,Margin call,287,0.000097,0.027451,-0.0004,-1.61,0,0.00,-0.0004,-1.51,-9999.97,-100.00
165,Entry short,2015-07-24 12:00,Short,283,0.000097,0.027451,-0.0004,-1.61,0,0.00,-0.0004,-1.51,-9999.97,-100.00
166,Exit long,2015-07-29 04:00,Long Exit,288,0.000091,0.027027,-0.001,-3.22,0,0.00,-0.001,-3.13,-9999.97,-100.00
166,Entry long,2015-07-28 08:00,Long,297,0.000091,0.027027,-0.001,-3.22,0,0.00,-0.001,-3.13,-9999.97,-100.00
167,Exit short,2015-07-30 04:00,Margin call,291,0.000091,0.026117,-0.0004,-1.59,0,0.00,-0.0004,-1.49,-9999.97,-100.00
167,Entry short,2015-07-30 04:00,Short,287,0.000091,0.026117,-0.0004,-1.59,0,0.00,-0.0004,-1.49,-9999.97,-100.00
168,Exit long,2015-08-06 00:00,Long Exit,278,0.00009,0.02583,-0.001,-3.33,0,0.00,-0.001,-3.23,-9999.97,-100.00
168,Entry long,2015-08-04 20:00,Long,287,0.00009,0.02583,-0.001,-3.33,0,0.00,-0.001,-3.23,-9999.97,-100.00
169,Exit short,2015-08-06 16:00,Margin call,280,0.00009,0.02484,-0.0004,-1.65,0,0.00,-0.0004,-1.55,-9999.98,-100.00
169,Entry short,2015-08-06 16:00,Short,276,0.00009,0.02484,-0.0004,-1.65,0,0.00,-0.0004,-1.55,-9999.98,-100.00
170,Exit long,2015-08-13 04:00,Long Exit,262,0.000091,0.02457,-0.001,-3.16,0,0.00,-0.001,-3.06,-9999.98,-100.00
170,Entry long,2015-08-12 08:00,Long,270,0.000091,0.02457,-0.001,-3.16,0,0.00,-0.001,-3.06,-9999.98,-100.00
171,Exit long,2015-08-24 04:00,Long Exit,222,0.000103,0.02369,-0.001,-3.67,0,0.00,-0.001,-3.57,-9999.98,-100.00
171,Entry long,2015-08-23 20:00,Long,230,0.000103,0.02369,-0.001,-3.67,0,0.00,-0.001,-3.57,-9999.98,-100.00
172,Exit long,2015-08-29 12:00,Long Exit,226,0.000098,0.022834,-0.001,-3.20,0,0.00,-0.001,-3.10,-9999.98,-100.00
172,Entry long,2015-08-29 08:00,Long,233,0.000098,0.022834,-0.001,-3.20,0,0.00,-0.001,-3.10,-9999.98,-100.00
173,Exit long,2015-09-06 00:00,Long Exit,241,0.000094,0.022184,0.0004,1.91,0.0004,2.02,-0.0002,-0.95,-9999.98,-100.00
173,Entry long,2015-09-05 16:00,Long,236,0.000094,0.022184,0.0004,1.91,0.0004,2.02,-0.0002,-0.95,-9999.98,-100.00
174,Exit short,2015-09-10 20:00,Margin call,241,0.000095,0.022515,-0.0004,-1.89,0,0.00,-0.0004,-1.79,-9999.98,-100.00
174,Entry short,2015-09-10 20:00,Short,237,0.000095,0.022515,-0.0004,-1.89,0,0.00,-0.0004,-1.79,-9999.98,-100.00
175,Exit long,2015-09-19 12:00,Long Exit,228,0.000094,0.022184,-0.001,-3.58,0,0.00,-0.001,-3.49,-9999.98,-100.00
175,Entry long,2015-09-18 16:00,Long,236,0.000094,0.022184,-0.001,-3.58,0,0.00,-0.001,-3.49,-9999.98,-100.00
176,Exit long,2015-09-29 00:00,Long Exit,241,0.000091,0.021385,0.001,2.35,0.001,2.45,-0.0004,-1.80,-9999.98,-100.00
176,Entry long,2015-09-24 16:00,Long,235,0.000091,0.021385,0.001,2.35,0.001,2.45,-0.0004,-1.80,-9999.98,-100.00
177,Exit long,2015-10-07 08:00,Long Exit,241,0.000088,0.021912,-0.001,-3.41,0,0.00,-0.001,-3.31,-9999.98,-100.00
177,Entry long,2015-10-06 16:00,Long,249,0.000088,0.021912,-0.001,-3.41,0,0.00,-0.001,-3.31,-9999.98,-100.00
178,Exit long,2015-10-13 00:00,Long Exit,242,0.000085,0.02125,-0.001,-3.39,0,0.00,-0.001,-3.30,-9999.98,-100.00
178,Entry long,2015-10-12 00:00,Long,250,0.000085,0.02125,-0.001,-3.39,0,0.00,-0.001,-3.30,-9999.98,-100.00
179,Exit long,2015-10-15 12:00,Long Exit,257,0.000081,0.020331,0.0004,2.19,0.0005,2.29,-0.0003,-1.29,-9999.98,-100.00
179,Entry long,2015-10-13 12:00,Long,251,0.000081,0.020331,0.0004,2.19,0.0005,2.29,-0.0003,-1.29,-9999.98,-100.00
180,Exit short,2015-10-20 16:00,Margin call,271,0.000078,0.020826,-0.0004,-1.70,0,0.00,-0.0003,-1.60,-9999.98,-100.00
180,Entry short,2015-10-20 16:00,Short,267,0.000078,0.020826,-0.0004,-1.70,0,0.00,-0.0003,-1.60,-9999.98,-100.00
181,Exit long,2015-10-21 04:00,Long Exit,264,0.000075,0.0204,-0.001,-3.14,0,0.00,-0.001,-3.04,-9999.98,-100.00
181,Entry long,2015-10-21 04:00,Long,272,0.000075,0.0204,-0.001,-3.14,0,0.00,-0.001,-3.04,-9999.98,-100.00
182,Exit long,2015-11-02 16:00,Long Exit,350,0.000058,0.019778,0.0005,2.43,0.001,2.54,-0.0004,-2.15,-9999.98,-100.00
182,Entry long,2015-11-02 12:00,Long,341,0.000058,0.019778,0.0005,2.43,0.001,2.54,-0.0004,-2.15,-9999.98,-100.00
183,Exit long,2015-11-10 20:00,Long Exit,345,0.000057,0.020178,-0.001,-2.74,0.00004,0.18,-0.001,-2.64,-9999.98,-100.00
183,Entry long,2015-11-10 20:00,Long,354,0.000057,0.020178,-0.001,-2.74,0.00004,0.18,-0.001,-2.64,-9999.98,-100.00
184,Exit long,2015-11-14 20:00,Long Exit,326,0.000059,0.019765,-0.001,-2.88,0,0.00,-0.001,-2.78,-9999.98,-100.00
184,Entry long,2015-11-14 20:00,Long,335,0.000059,0.019765,-0.001,-2.88,0,0.00,-0.001,-2.78,-9999.98,-100.00
185,Exit short,2015-11-16 16:00,Margin call,323,0.00006,0.01914,-0.0003,-1.45,0,0.00,-0.0003,-1.35,-9999.98,-100.00
185,Entry short,2015-11-16 16:00,Short,319,0.00006,0.01914,-0.0003,-1.45,0,0.00,-0.0003,-1.35,-9999.98,-100.00
186,Exit short,2015-11-20 04:00,Margin call,321,0.000004,0.001248,-0.00004,-3.08,0,0.00,-0.00004,-2.98,-9999.98,-100.00
186,Entry short,2015-11-20 04:00,Short,312,0.000004,0.001248,-0.00004,-3.08,0,0.00,-0.00004,-2.98,-9999.98,-100.00
187,Exit short,2015-11-20 08:00,Short Exit,322,0.000056,0.017472,-0.001,-3.40,0,0.00,-0.001,-3.30,-9999.98,-100.00
187,Entry short,2015-11-20 04:00,Short,312,0.000056,0.017472,-0.001,-3.40,0,0.00,-0.001,-3.30,-9999.98,-100.00
188,Exit long,2015-11-26 08:00,Long Exit,342,0.000055,0.01837,0.0004,2.19,0.0004,2.29,-0.0002,-1.00,-9999.98,-100.00
188,Entry long,2015-11-26 04:00,Long,334,0.000055,0.01837,0.0004,2.19,0.0004,2.29,-0.0002,-1.00,-9999.98,-100.00
189,Exit long,2015-11-30 08:00,Long Exit,383,0.00005,0.01865,0.0005,2.48,0.0005,2.58,-0.0002,-0.90,-9999.98,-100.00
189,Entry long,2015-11-30 00:00,Long,373,0.00005,0.01865,0.0005,2.48,0.0005,2.58,-0.0002,-0.90,-9999.98,-100.00
190,Exit long,2015-12-05 12:00,Long Exit,372,0.00005,0.0191,-0.001,-2.81,0.00003,0.16,-0.001,-2.72,-9999.98,-100.00
190,Entry long,2015-12-05 12:00,Long,382,0.00005,0.0191,-0.001,-2.81,0.00003,0.16,-0.001,-2.72,-9999.98,-100.00
191,Exit long,2015-12-09 00:00,Long Exit,409,0.000044,0.018436,-0.0005,-2.58,0.0001,0.62,-0.0005,-2.48,-9999.98,-100.00
191,Entry long,2015-12-09 00:00,Long,419,0.000044,0.018436,-0.0005,-2.58,0.0001,0.62,-0.0005,-2.48,-9999.98,-100.00
192,Exit long,2015-12-16 00:00,Long Exit,447,0.000039,0.017862,-0.0005,-2.60,0.0003,1.43,-0.0004,-2.50,-9999.98,-100.00
192,Entry long,2015-12-15 08:00,Long,458,0.000039,0.017862,-0.0005,-2.60,0.0003,1.43,-0.0004,-2.50,-9999.98,-100.00
193,Exit long,2015-12-21 00:00,Long Exit,432,0.00004,0.01776,-0.001,-2.90,0.00002,0.13,-0.0005,-2.80,-9999.98,-100.00
193,Entry long,2015-12-20 20:00,Long,444,0.00004,0.01776,-0.001,-2.90,0.00002,0.13,-0.0005,-2.80,-9999.98,-100.00
194,Exit long,2015-12-25 08:00,Long Exit,446,0.000037,0.016909,-0.0004,-2.60,0.0001,0.56,-0.0004,-2.50,-9999.98,-100.00
194,Entry long,2015-12-24 08:00,Long,457,0.000037,0.016909,-0.0004,-2.60,0.0001,0.56,-0.0004,-2.50,-9999.98,-100.00
195,Exit long,2015-12-30 12:00,Long Exit,423,0.000038,0.016492,-0.0005,-2.73,0,0.00,-0.0004,-2.63,-9999.98,-100.00
195,Entry long,2015-12-30 12:00,Long,434,0.000038,0.016492,-0.0005,-2.73,0,0.00,-0.0004,-2.63,-9999.98,-100.00
196,Exit long,2016-01-03 16:00,Long Exit,423,0.000037,0.016058,-0.0004,-2.73,0.00002,0.13,-0.0004,-2.63,-9999.98,-100.00
196,Entry long,2016-01-02 12:00,Long,434,0.000037,0.016058,-0.0004,-2.73,0.00002,0.13,-0.0004,-2.63,-9999.98,-100.00
197,Exit long,2016-01-07 08:00,Long Exit,441,0.000035,0.015785,-0.0004,-2.41,0.00002,0.12,-0.0004,-2.31,-9999.98,-100.00
197,Entry long,2016-01-07 08:00,Long,451,0.000035,0.015785,-0.0004,-2.41,0.00002,0.12,-0.0004,-2.31,-9999.98,-100.00
198,Exit short,2016-01-13 04:00,Margin call,434,0.000036,0.01548,-0.0002,-1.13,0,0.00,-0.0002,-1.03,-9999.98,-100.00
198,Entry short,2016-01-13 04:00,Short,430,0.000036,0.01548,-0.0002,-1.13,0,0.00,-0.0002,-1.03,-9999.98,-100.00
199,Exit long,2016-01-19 16:00,Long Exit,377,0.000039,0.015054,-0.0004,-2.53,0.00002,0.16,-0.0004,-2.43,-9999.98,-100.00
199,Entry long,2016-01-19 12:00,Long,386,0.000039,0.015054,-0.0004,-2.53,0.00002,0.16,-0.0004,-2.43,-9999.98,-100.00
200,Exit long,2016-01-20 16:00,Long Exit,403,0.000036,0.01494,-0.0005,-3.09,0,0.00,-0.0004,-2.99,-9999.98,-100.00
200,Entry long,2016-01-20 16:00,Long,415,0.000036,0.01494,-0.0005,-3.09,0,0.00,-0.0004,-2.99,-9999.98,-100.00
201,Exit long,2016-01-25 16:00,Long Exit,388,0.000036,0.014364,-0.0004,-2.95,0,0.00,-0.0004,-2.85,-9999.98,-100.00
201,Entry long,2016-01-25 16:00,Long,399,0.000036,0.014364,-0.0004,-2.95,0,0.00,-0.0004,-2.85,-9999.98,-100.00
202,Exit short,2016-01-28 12:00,Margin call,385,0.000037,0.014097,-0.0002,-1.25,0,0.00,-0.0002,-1.15,-9999.99,-100.00
202,Entry short,2016-01-28 12:00,Short,381,0.000037,0.014097,-0.0002,-1.25,0,0.00,-0.0002,-1.15,-9999.99,-100.00
203,Exit long,2016-02-06 00:00,Long Exit,378,0.000036,0.013968,-0.0004,-2.77,0.0001,0.93,-0.0004,-2.67,-9999.99,-100.00
203,Entry long,2016-02-04 20:00,Long,388,0.000036,0.013968,-0.0004,-2.77,0.0001,0.93,-0.0004,-2.67,-9999.99,-100.00
204,Exit long,2016-02-14 00:00,Long Exit,392,0.000035,0.013335,0.0004,2.68,0.0004,2.78,-0.0003,-1.94,-9999.99,-100.00
204,Entry long,2016-02-11 00:00,Long,381,0.000035,0.013335,0.0004,2.68,0.0004,2.78,-0.0003,-1.94,-9999.99,-100.00
205,Exit long,2016-02-17 20:00,Long Exit,410,0.000033,0.013893,-0.0004,-2.81,0,0.00,-0.0004,-2.71,-9999.99,-100.00
205,Entry long,2016-02-17 16:00,Long,421,0.000033,0.013893,-0.0004,-2.81,0,0.00,-0.0004,-2.71,-9999.99,-100.00
206,Exit long,2016-02-20 16:00,Long Exit,443,0.000031,0.013361,0.0003,2.58,0.0004,2.68,-0.0001,-0.56,-9999.99,-100.00
206,Entry long,2016-02-20 16:00,Long,431,0.000031,0.013361,0.0003,2.58,0.0004,2.68,-0.0001,-0.56,-9999.99,-100.00
207,Exit long,2016-02-28 00:00,Long Exit,425,0.000031,0.013485,-0.0003,-2.49,0,0.00,-0.0003,-2.40,-9999.99,-100.00
207,Entry long,2016-02-27 04:00,Long,435,0.000031,0.013485,-0.0003,-2.49,0,0.00,-0.0003,-2.40,-9999.99,-100.00
208,Exit short,2016-03-03 12:00,Margin call,426,0.000032,0.013408,-0.0003,-1.87,0,0.00,-0.0002,-1.77,-9999.99,-100.00
208,Entry short,2016-03-03 12:00,Short,419,0.000032,0.013408,-0.0003,-1.87,0,0.00,-0.0002,-1.77,-9999.99,-100.00
209,Exit long,2016-03-18 16:00,Long Exit,403,0.000032,0.013248,-0.0004,-2.85,0.0002,1.83,-0.0004,-2.75,-9999.99,-100.00
209,Entry long,2016-03-08 08:00,Long,414,0.000032,0.013248,-0.0004,-2.85,0.0002,1.83,-0.0004,-2.75,-9999.99,-100.00
210,Exit long,2016-03-29 12:00,Long Exit,407,0.000031,0.012958,-0.0004,-2.83,0.0002,1.57,-0.0004,-2.73,-9999.99,-100.00
210,Entry long,2016-03-22 08:00,Long,418,0.000031,0.012958,-0.0004,-2.83,0.0002,1.57,-0.0004,-2.73,-9999.99,-100.00
211,Exit long,2016-04-16 16:00,Long Exit,417,0.000029,0.012383,-0.0003,-2.54,0.0002,1.30,-0.0003,-2.44,-9999.99,-100.00
211,Entry long,2016-04-13 00:00,Long,427,0.000029,0.012383,-0.0003,-2.54,0.0002,1.30,-0.0003,-2.44,-9999.99,-100.00
212,Exit long,2016-04-24 00:00,Long Exit,457,0.000027,0.012015,0.0003,2.49,0.0003,2.59,-0.0001,-1.22,-9999.99,-100.00
212,Entry long,2016-04-21 04:00,Long,445,0.000027,0.012015,0.0003,2.49,0.0003,2.59,-0.0001,-1.22,-9999.99,-100.00
213,Exit short,2016-04-24 20:00,Margin call,467,0.000027,0.012501,-0.0001,-1.06,0,0.00,-0.0001,-0.96,-9999.99,-100.00
213,Entry short,2016-04-24 20:00,Short,463,0.000027,0.012501,-0.0001,-1.06,0,0.00,-0.0001,-0.96,-9999.99,-100.00
214,Exit long,2016-04-27 00:00,Long Exit,456,0.000026,0.012142,-0.0003,-2.55,0.0001,0.54,-0.0003,-2.45,-9999.99,-100.00
214,Entry long,2016-04-26 04:00,Long,467,0.000026,0.012142,-0.0003,-2.55,0.0001,0.54,-0.0003,-2.45,-9999.99,-100.00
215,Exit long,2016-04-30 04:00,Long Exit,441,0.000026,0.011752,-0.0003,-2.63,0.0001,1.01,-0.0003,-2.53,-9999.99,-100.00
215,Entry long,2016-04-28 16:00,Long,452,0.000026,0.011752,-0.0003,-2.63,0.0001,1.01,-0.0003,-2.53,-9999.99,-100.00
216,Exit long,2016-05-06 20:00,Long Exit,464,0.000026,0.011778,0.0003,2.22,0.0003,2.33,-0.0002,-2.08,-9999.99,-100.00
216,Entry long,2016-05-04 08:00,Long,453,0.000026,0.011778,0.0003,2.22,0.0003,2.33,-0.0002,-2.08,-9999.99,-100.00
217,Exit short,2016-05-11 00:00,Margin call,460,0.000026,0.011674,-0.0003,-2.65,0,0.00,-0.0003,-2.55,-9999.99,-100.00
217,Entry short,2016-05-11 00:00,Short,449,0.000026,0.011674,-0.0003,-2.65,0,0.00,-0.0003,-2.55,-9999.99,-100.00
218,Exit short,2016-05-18 00:00,Margin call,455,0.000026,0.011726,-0.0001,-1.09,0,0.00,-0.0001,-0.99,-9999.99,-100.00
218,Entry short,2016-05-18 00:00,Short,451,0.000026,0.011726,-0.0001,-1.09,0,0.00,-0.0001,-0.99,-9999.99,-100.00
219,Exit long,2016-05-27 00:00,Long Exit,460,0.000026,0.011648,0.0003,2.47,0.0003,2.58,-0.0001,-0.99,-9999.99,-100.00
219,Entry long,2016-05-24 16:00,Long,448,0.000026,0.011648,0.0003,2.47,0.0003,2.58,-0.0001,-0.99,-9999.99,-100.00
220,Exit long,2016-06-04 04:00,Long Exit,582,0.000021,0.011886,0.0003,2.62,0.0003,2.72,-0.0001,-0.63,-9999.99,-100.00
220,Entry long,2016-06-03 16:00,Long,566,0.000021,0.011886,0.0003,2.62,0.0003,2.72,-0.0001,-0.63,-9999.99,-100.00
221,Exit long,2016-06-12 00:00,Long Exit,629,0.00002,0.01224,0.0003,2.57,0.0003,2.68,-0.0002,-1.57,-9999.99,-100.00
221,Entry long,2016-06-12 00:00,Long,612,0.00002,0.01224,0.0003,2.57,0.0003,2.68,-0.0002,-1.57,-9999.99,-100.00
222,Exit long,2016-06-16 16:00,Long Exit,756,0.000017,0.012495,0.0003,2.65,0.0003,2.75,-0.0001,-1.05,-9999.99,-100.00
222,Entry long,2016-06-16 12:00,Long,735,0.000017,0.012495,0.0003,2.65,0.0003,2.75,-0.0001,-1.05,-9999.99,-100.00
223,Exit short,2016-06-21 04:00,Short Exit,708,0.000018,0.012474,-0.0003,-2.36,0.0001,0.77,-0.0003,-2.26,-9999.99,-100.00
223,Entry short,2016-06-21 04:00,Short,693,0.000018,0.012474,-0.0003,-2.36,0.0001,0.77,-0.0003,-2.26,-9999.99,-100.00
224,Exit short,2016-06-29 00:00,Short Exit,626,0.000019,0.012198,0.0003,2.29,0.0003,2.39,-0.0001,-0.57,-9999.99,-100.00
224,Entry short,2016-06-29 00:00,Short,642,0.000019,0.012198,0.0003,2.29,0.0003,2.39,-0.0001,-0.57,-9999.99,-100.00
225,Exit short,2016-07-01 00:00,Short Exit,676,0.000019,0.012559,-0.0003,-2.47,0.00001,0.05,-0.0003,-2.37,-9999.99,-100.00
225,Entry short,2016-06-30 20:00,Short,661,0.000019,0.012559,-0.0003,-2.47,0.00001,0.05,-0.0003,-2.37,-9999.99,-100.00
226,Exit short,2016-07-04 12:00,Short Exit,680,0.000018,0.01197,-0.0003,-2.46,0,0.00,-0.0003,-2.35,-9999.99,-100.00
226,Entry short,2016-07-04 12:00,Short,665,0.000018,0.01197,-0.0003,-2.46,0,0.00,-0.0003,-2.35,-9999.99,-100.00
227,Exit long,2016-07-07 16:00,Long Exit,633,0.000018,0.011664,-0.0003,-2.51,0,0.00,-0.0003,-2.41,-9999.99,-100.00
227,Entry long,2016-07-07 12:00,Long,648,0.000018,0.011664,-0.0003,-2.51,0,0.00,-0.0003,-2.41,-9999.99,-100.00
228,Exit long,2016-07-13 20:00,Long Exit,650,0.000018,0.011988,-0.0003,-2.60,0.0001,0.50,-0.0003,-2.50,-9999.99,-100.00
228,Entry long,2016-07-13 04:00,Long,666,0.000018,0.011988,-0.0003,-2.60,0.0001,0.50,-0.0003,-2.50,-9999.99,-100.00
229,Exit long,2016-07-18 16:00,Long Exit,667,0.000017,0.011594,-0.0003,-2.39,0,0.00,-0.0003,-2.30,-9999.99,-100.00
229,Entry long,2016-07-17 20:00,Long,682,0.000017,0.011594,-0.0003,-2.39,0,0.00,-0.0003,-2.30,-9999.99,-100.00
230,Exit long,2016-08-07 16:00,Long Exit,582,0.000019,0.011324,-0.0003,-2.54,0.00005,0.40,-0.0003,-2.45,-9999.99,-100.00
230,Entry long,2016-08-07 12:00,Long,596,0.000019,0.011324,-0.0003,-2.54,0.00005,0.40,-0.0003,-2.45,-9999.99,-100.00
231,Exit short,2016-08-15 16:00,Short Exit,555,0.000019,0.010849,0.0003,2.60,0.0003,2.70,-0.0001,-0.80,-9999.99,-100.00
231,Entry short,2016-08-14 12:00,Short,571,0.000019,0.010849,0.0003,2.60,0.0003,2.70,-0.0001,-0.80,-9999.99,-100.00
232,Exit long,2016-08-25 00:00,Long Exit,572,0.000019,0.011115,-0.0003,-2.42,0,0.00,-0.0003,-2.32,-9999.99,-100.00
232,Entry long,2016-08-23 00:00,Long,585,0.000019,0.011115,-0.0003,-2.42,0,0.00,-0.0003,-2.32,-9999.99,-100.00
233,Exit short,2016-08-30 20:00,Margin call,579,0.000019,0.010773,-0.0002,-2.32,0,0.00,-0.0002,-2.21,-9999.99,-100.00
233,Entry short,2016-08-27 20:00,Short,567,0.000019,0.010773,-0.0002,-2.32,0,0.00,-0.0002,-2.21,-9999.99,-100.00
234,Exit long,2016-09-04 12:00,Long Exit,607,0.000018,0.010656,0.0002,2.33,0.0003,2.43,-0.0001,-0.61,-9999.99,-100.00
234,Entry long,2016-09-03 20:00,Long,592,0.000018,0.010656,0.0002,2.33,0.0003,2.43,-0.0001,-0.61,-9999.99,-100.00
235,Exit long,2016-09-11 16:00,Long Exit,603,0.000018,0.011088,-0.0003,-2.31,0.0002,2.01,-0.0002,-2.21,-9999.99,-100.00
235,Entry long,2016-09-08 00:00,Long,616,0.000018,0.011088,-0.0003,-2.31,0.0002,2.01,-0.0002,-2.21,-9999.99,-100.00
236,Exit short,2016-09-11 20:00,Margin call,608,0.000018,0.010746,-0.0002,-2.04,0.00003,0.23,-0.0002,-1.94,-9999.99,-100.00
236,Entry short,2016-09-11 20:00,Short,597,0.000018,0.010746,-0.0002,-2.04,0.00003,0.23,-0.0002,-1.94,-9999.99,-100.00
237,Exit long,2016-10-07 08:00,Long Exit,615,0.000017,0.010166,0.0003,2.64,0.0003,2.74,-0.0001,-0.94,-9999.99,-100.00
237,Entry long,2016-09-21 04:00,Long,598,0.000017,0.010166,0.0003,2.64,0.0003,2.74,-0.0001,-0.94,-9999.99,-100.00
238,Exit long,2016-10-11 04:00,Long Exit,633,0.000017,0.010472,0.0003,2.55,0.0003,2.66,-0.0001,-1.07,-9999.99,-100.00
238,Entry long,2016-10-07 16:00,Long,616,0.000017,0.010472,0.0003,2.55,0.0003,2.66,-0.0001,-1.07,-9999.99,-100.00
239,Exit long,2016-10-22 12:00,Long Exit,650,0.000017,0.010795,0.0002,2.16,0.0002,2.26,-0.0002,-1.83,-9999.99,-100.00
239,Entry long,2016-10-11 08:00,Long,635,0.000017,0.010795,0.0002,2.16,0.0002,2.26,-0.0002,-1.83,-9999.99,-100.00
240,Exit long,2016-10-29 00:00,Long Exit,690,0.000017,0.011407,0.0003,2.63,0.0003,2.73,-0.0002,-1.59,-9999.99,-100.00
240,Entry long,2016-10-26 16:00,Long,671,0.000017,0.011407,0.0003,2.63,0.0003,2.73,-0.0002,-1.59,-9999.99,-100.00
241,Exit long,2016-11-09 12:00,Long Exit,723,0.000015,0.011085,-0.0003,-2.36,0.00002,0.17,-0.0003,-2.26,-9999.99,-100.00
241,Entry long,2016-11-09 08:00,Long,739,0.000015,0.011085,-0.0003,-2.36,0.00002,0.17,-0.0003,-2.26,-9999.99,-100.00
242,Exit long,2016-11-22 16:00,Long Exit,750,0.000015,0.010935,0.0003,2.68,0.0003,2.78,-0.0001,-0.92,-9999.99,-100.00
242,Entry long,2016-11-20 20:00,Long,729,0.000015,0.010935,0.0003,2.68,0.0003,2.78,-0.0001,-0.92,-9999.99,-100.00
243,Exit short,2016-11-25 08:00,Margin call,737,0.000016,0.01168,-0.0001,-1.16,0,0.00,-0.0001,-1.06,-9999.99,-100.00
243,Entry short,2016-11-25 08:00,Short,730,0.000016,0.01168,-0.0001,-1.16,0,0.00,-0.0001,-1.06,-9999.99,-100.00
244,Exit long,2016-12-02 00:00,Long Exit,765,0.000015,0.011175,0.0003,2.48,0.0003,2.58,-0.0001,-0.77,-9999.99,-100.00
244,Entry long,2016-11-30 20:00,Long,745,0.000015,0.011175,0.0003,2.48,0.0003,2.58,-0.0001,-0.77,-9999.99,-100.00
245,Exit short,2016-12-07 08:00,Short Exit,764,0.000015,0.01122,-0.0003,-2.34,0.0001,0.57,-0.0003,-2.24,-9999.99,-100.00
245,Entry short,2016-12-05 12:00,Short,748,0.000015,0.01122,-0.0003,-2.34,0.0001,0.57,-0.0003,-2.24,-9999.99,-100.00
246,Exit long,2016-12-13 00:00,Long Exit,792,0.000015,0.01155,0.0003,2.65,0.0003,2.75,-0.0001,-1.14,-9999.99,-100.00
246,Entry long,2016-12-07 20:00,Long,770,0.000015,0.01155,0.0003,2.65,0.0003,2.75,-0.0001,-1.14,-9999.99,-100.00
247,Exit short,2016-12-17 00:00,Short Exit,791,0.000015,0.01164,-0.0002,-2.13,0.0001,0.54,-0.0002,-2.03,-9999.99,-100.00
247,Entry short,2016-12-13 12:00,Short,776,0.000015,0.01164,-0.0002,-2.13,0.0001,0.54,-0.0002,-2.03,-9999.99,-100.00
248,Exit long,2016-12-21 04:00,Long Exit,810,0.000014,0.011032,0.0003,2.59,0.0003,2.69,-0.0001,-1.11,-9999.99,-100.00
248,Entry long,2016-12-17 12:00,Long,788,0.000014,0.011032,0.0003,2.59,0.0003,2.69,-0.0001,-1.11,-9999.99,-100.00
249,Exit long,2017-01-02 08:00,Long Exit,1007,0.000012,0.011748,0.0003,2.65,0.0003,2.76,-0.00005,-0.41,-9999.99,-100.00
249,Entry long,2017-01-01 16:00,Long,979,0.000012,0.011748,0.0003,2.65,0.0003,2.76,-0.00005,-0.41,-9999.99,-100.00
250,Exit long,2017-01-11 12:00,Long Exit,819,0.000014,0.01169,-0.0002,-2.11,0,0.00,-0.0002,-2.01,-9999.99,-100.00
250,Entry long,2017-01-11 12:00,Long,835,0.000014,0.01169,-0.0002,-2.11,0,0.00,-0.0002,-2.01,-9999.99,-100.00
251,Exit long,2017-01-17 16:00,Long Exit,907,0.000013,0.011453,0.0003,2.75,0.0003,2.85,-0.0002,-1.46,-9999.99,-100.00
251,Entry long,2017-01-17 08:00,Long,881,0.000013,0.011453,0.0003,2.75,0.0003,2.85,-0.0002,-1.46,-9999.99,-100.00
252,Exit long,2017-01-22 12:00,Long Exit,905,0.000013,0.012012,-0.0003,-2.25,0.0002,1.41,-0.0003,-2.15,-9999.99,-100.00
252,Entry long,2017-01-21 12:00,Long,924,0.000013,0.012012,-0.0003,-2.25,0.0002,1.41,-0.0003,-2.15,-9999.99,-100.00
253,Exit short,2017-01-25 00:00,Short Exit,901,0.000013,0.011479,-0.0003,-2.24,0,0.00,-0.0002,-2.14,-9999.99,-100.00
253,Entry short,2017-01-25 00:00,Short,883,0.000013,0.011479,-0.0003,-2.24,0,0.00,-0.0002,-2.14,-9999.99,-100.00
254,Exit short,2017-01-31 12:00,Short Exit,951,0.000012,0.011184,-0.0003,-2.24,0,0.00,-0.0002,-2.14,-9999.99,-100.00
254,Entry short,2017-01-31 08:00,Short,932,0.000012,0.011184,-0.0003,-2.24,0,0.00,-0.0002,-2.14,-9999.99,-100.00
255,Exit long,2017-02-08 08:00,Long Exit,1028,0.000011,0.011539,-0.0003,-2.20,0.0002,1.90,-0.0002,-2.10,-9999.99,-100.00
255,Entry long,2017-02-07 08:00,Long,1049,0.000011,0.011539,-0.0003,-2.20,0.0002,1.90,-0.0002,-2.10,-9999.99,-100.00
256,Exit long,2017-02-13 08:00,Long Exit,983,0.000011,0.011033,-0.0002,-2.19,0.00004,0.40,-0.0002,-2.09,-9999.99,-100.00
256,Entry long,2017-02-13 00:00,Long,1003,0.000011,0.011033,-0.0002,-2.19,0.00004,0.40,-0.0002,-2.09,-9999.99,-100.00
257,Exit long,2017-02-17 12:00,Long Exit,1055,0.00001,0.01026,0.0003,2.62,0.0003,2.72,-0.0001,-0.49,-9999.99,-100.00
257,Entry long,2017-02-16 12:00,Long,1026,0.00001,0.01026,0.0003,2.62,0.0003,2.72,-0.0001,-0.49,-9999.99,-100.00
258,Exit long,2017-02-21 08:00,Long Exit,1111,0.00001,0.0108,0.0003,2.66,0.0003,2.77,-0.00003,-0.28,-9999.99,-100.00
258,Entry long,2017-02-21 04:00,Long,1080,0.00001,0.0108,0.0003,2.66,0.0003,2.77,-0.00003,-0.28,-9999.99,-100.00
259,Exit long,2017-02-28 00:00,Long Exit,1174,0.000009,0.010773,-0.0002,-2.12,0.0001,0.99,-0.0002,-2.02,-9999.99,-100.00
259,Entry long,2017-02-28 00:00,Long,1197,0.000009,0.010773,-0.0002,-2.12,0.0001,0.99,-0.0002,-2.02,-9999.99,-100.00
260,Exit long,2017-03-02 16:00,Long Exit,1258,0.000009,0.011007,0.0003,2.66,0.0003,2.76,-0.0001,-0.75,-9999.99,-100.00
260,Entry long,2017-03-01 20:00,Long,1223,0.000009,0.011007,0.0003,2.66,0.0003,2.76,-0.0001,-0.75,-9999.99,-100.00
261,Exit long,2017-03-07 08:00,Long Exit,1257,0.000009,0.01152,-0.0002,-1.99,0,0.00,-0.0002,-1.89,-9999.99,-100.00
261,Entry long,2017-03-07 04:00,Long,1280,0.000009,0.01152,-0.0002,-1.99,0,0.00,-0.0002,-1.89,-9999.99,-100.00
262,Exit long,2017-03-07 16:00,Long Exit,1247,0.000009,0.010926,0.0003,2.51,0.0003,2.62,-0.0001,-1.25,-9999.99,-100.00
262,Entry long,2017-03-07 12:00,Long,1214,0.000009,0.010926,0.0003,2.51,0.0003,2.62,-0.0001,-1.25,-9999.99,-100.00
263,Exit short,2017-03-10 20:00,Short Exit,1292,0.000009,0.011421,-0.0002,-2.01,0,0.00,-0.0002,-1.91,-9999.99,-100.00
263,Entry short,2017-03-10 20:00,Short,1269,0.000009,0.011421,-0.0002,-2.01,0,0.00,-0.0002,-1.91,-9999.99,-100.00
264,Exit long,2017-03-16 08:00,Long Exit,1219,0.000009,0.011187,-0.0002,-2.13,0.0001,1.27,-0.0002,-2.03,-9999.99,-100.00
264,Entry long,2017-03-13 16:00,Long,1243,0.000009,0.011187,-0.0002,-2.13,0.0001,1.27,-0.0002,-2.03,-9999.99,-100.00
265,Exit short,2017-03-16 20:00,Short Exit,1151,0.000009,0.010683,0.0003,2.83,0.0003,2.93,-0.0001,-0.77,-9999.99,-100.00
265,Entry short,2017-03-16 20:00,Short,1187,0.000009,0.010683,0.0003,2.83,0.0003,2.93,-0.0001,-0.77,-9999.99,-100.00
266,Exit long,2017-04-03 00:00,Long Exit,1103,0.00001,0.01073,0.0003,2.59,0.0003,2.69,-0.0001,-1.12,-9999.99,-100.00
266,Entry long,2017-04-01 00:00,Long,1073,0.00001,0.01073,0.0003,2.59,0.0003,2.69,-0.0001,-1.12,-9999.99,-100.00
267,Exit long,2017-04-09 16:00,Long Exit,1204,0.00001,0.01172,0.0003,2.53,0.0003,2.63,-0.0001,-0.53,-9999.99,-100.00
267,Entry long,2017-04-06 16:00,Long,1172,0.00001,0.01172,0.0003,2.53,0.0003,2.63,-0.0001,-0.53,-9999.99,-100.00
268,Exit long,2017-04-13 04:00,Long Exit,1181,0.00001,0.01204,-0.0003,-2.11,0.0002,1.97,-0.0002,-2.01,-9999.99,-100.00
268,Entry long,2017-04-10 08:00,Long,1204,0.00001,0.01204,-0.0003,-2.11,0.0002,1.97,-0.0002,-2.01,-9999.99,-100.00
269,Exit short,2017-04-14 00:00,Margin call,1187,0.00001,0.01168,-0.0002,-1.83,0.00005,0.41,-0.0002,-1.72,-9999.99,-100.00
269,Entry short,2017-04-13 20:00,Short,1168,0.00001,0.01168,-0.0002,-1.83,0.00005,0.41,-0.0002,-1.72,-9999.99,-100.00
270,Exit long,2017-04-19 04:00,Long Exit,1188,0.000009,0.01089,-0.0002,-2.01,0,0.00,-0.0002,-1.92,-9999.99,-100.00
270,Entry long,2017-04-18 12:00,Long,1210,0.000009,0.01089,-0.0002,-2.01,0,0.00,-0.0002,-1.92,-9999.99,-100.00
271,Exit long,2017-04-26 12:00,Long Exit,1309,0.000009,0.011448,0.0003,2.70,0.0003,2.81,-0.0001,-0.89,-9999.99,-100.00
271,Entry long,2017-04-25 12:00,Long,1272,0.000009,0.011448,0.0003,2.70,0.0003,2.81,-0.0001,-0.89,-9999.99,-100.00
272,Exit long,2017-05-01 16:00,Long Exit,1403,0.000008,0.010912,0.0003,2.65,0.0003,2.76,-0.0002,-1.42,-9999.99,-100.00
272,Entry long,2017-05-01 12:00,Long,1364,0.000008,0.010912,0.0003,2.65,0.0003,2.76,-0.0002,-1.42,-9999.99,-100.00
273,Exit long,2017-05-09 00:00,Long Exit,1622,0.000007,0.011564,-0.0002,-2.01,0.0001,0.99,-0.0002,-1.91,-9999.99,-100.00
273,Entry long,2017-05-09 00:00,Long,1652,0.000007,0.011564,-0.0002,-2.01,0.0001,0.99,-0.0002,-1.91,-9999.99,-100.00
274,Exit long,2017-05-16 00:00,Long Exit,1677,0.000006,0.010248,-0.0002,-2.01,0.00004,0.37,-0.0002,-1.91,-9999.99,-100.00
274,Entry long,2017-05-16 00:00,Long,1708,0.000006,0.010248,-0.0002,-2.01,0.00004,0.37,-0.0002,-1.91,-9999.99,-100.00
275,Exit long,2017-05-17 16:00,Long Exit,1800,0.000006,0.010992,-0.0002,-1.94,0,0.00,-0.0002,-1.84,-9999.99,-100.00
275,Entry long,2017-05-17 16:00,Long,1832,0.000006,0.010992,-0.0002,-1.94,0,0.00,-0.0002,-1.84,-9999.99,-100.00
276,Exit short,2017-05-29 04:00,Short Exit,2214,0.000005,0.01087,-0.0002,-2.04,0.0002,2.11,-0.0002,-1.94,-9999.99,-100.00
276,Entry short,2017-05-29 04:00,Short,2174,0.000005,0.01087,-0.0002,-2.04,0.0002,2.11,-0.0002,-1.94,-9999.99,-100.00
277,Exit long,2017-06-01 12:00,Long Exit,2388,0.000004,0.009716,-0.0002,-1.88,0.0001,1.01,-0.0002,-1.79,-9999.99,-100.00
277,Entry long,2017-06-01 12:00,Long,2429,0.000004,0.009716,-0.0002,-1.88,0.0001,1.01,-0.0002,-1.79,-9999.99,-100.00
278,Exit long,2017-06-10 20:00,Long Exit,2833,0.000003,0.008649,-0.0002,-1.93,0.00004,0.49,-0.0002,-1.83,-9999.99,-100.00
278,Entry long,2017-06-10 20:00,Long,2883,0.000003,0.008649,-0.0002,-1.93,0.00004,0.49,-0.0002,-1.83,-9999.99,-100.00
279,Exit long,2017-06-21 00:00,Long Exit,2724,0.000003,0.00831,-0.0002,-1.86,0.000004,0.04,-0.0001,-1.76,-9999.99,-100.00
279,Entry long,2017-06-20 20:00,Long,2770,0.000003,0.00831,-0.0002,-1.86,0.000004,0.04,-0.0001,-1.76,-9999.99,-100.00
280,Exit short,2017-06-24 20:00,Short Exit,2569,0.000004,0.010116,-0.0002,-1.78,0.0001,0.57,-0.0002,-1.68,-9999.99,-100.00
280,Entry short,2017-06-24 20:00,Short,2529,0.000004,0.010116,-0.0002,-1.78,0.0001,0.57,-0.0002,-1.68,-9999.99,-100.00
281,Exit short,2017-07-02 16:00,Short Exit,2479,0.000004,0.00972,-0.0002,-2.22,0.0002,2.20,-0.0002,-2.11,-9999.99,-100.00
281,Entry short,2017-07-01 20:00,Short,2430,0.000004,0.00972,-0.0002,-2.22,0.0002,2.20,-0.0002,-2.11,-9999.99,-100.00
282,Exit short,2017-07-08 12:00,Short Exit,2541,0.000004,0.009996,-0.0002,-1.88,0.0001,1.38,-0.0002,-1.78,-9999.99,-100.00
282,Entry short,2017-07-08 00:00,Short,2499,0.000004,0.009996,-0.0002,-1.88,0.0001,1.38,-0.0002,-1.78,-9999.99,-100.00
283,Exit short,2017-07-10 16:00,Short Exit,2432,0.000004,0.009568,-0.0002,-1.87,0.00003,0.28,-0.0002,-1.77,-9999.99,-100.00
283,Entry short,2017-07-10 16:00,Short,2392,0.000004,0.009568,-0.0002,-1.87,0.00003,0.28,-0.0002,-1.77,-9999.99,-100.00
284,Exit short,2017-07-15 00:00,Short Exit,2133,0.000004,0.008792,0.0002,2.76,0.0003,2.85,-0.0001,-1.37,-9999.99,-100.00
284,Entry short,2017-07-14 20:00,Short,2198,0.000004,0.008792,0.0002,2.76,0.0003,2.85,-0.0001,-1.37,-9999.99,-100.00
285,Exit short,2017-07-25 16:00,Short Exit,2502,0.000003,0.007734,0.0002,2.75,0.0002,2.85,-0.00002,-0.29,-9999.99,-100.00
285,Entry short,2017-07-25 16:00,Short,2578,0.000003,0.007734,0.0002,2.75,0.0002,2.85,-0.00002,-0.29,-9999.99,-100.00
286,Exit long,2017-08-01 04:00,Long Exit,2817,0.000003,0.008595,-0.0002,-1.87,0.0002,2.13,-0.0002,-1.77,-9999.99,-100.00
286,Entry long,2017-08-01 04:00,Long,2865,0.000003,0.008595,-0.0002,-1.87,0.0002,2.13,-0.0002,-1.77,-9999.99,-100.00
287,Exit long,2017-08-05 00:00,Long Exit,2912,0.000003,0.008484,0.0002,2.76,0.0002,2.87,-0.00002,-0.21,-9999.99,-100.00
287,Entry long,2017-08-04 20:00,Long,2828,0.000003,0.008484,0.0002,2.76,0.0002,2.87,-0.00002,-0.21,-9999.99,-100.00
288,Exit long,2017-08-11 20:00,Long Exit,3646,0.000002,0.007082,0.0002,2.76,0.0002,2.86,-0.00003,-0.44,-9999.99,-100.00
288,Entry long,2017-08-11 20:00,Long,3541,0.000002,0.007082,0.0002,2.76,0.0002,2.86,-0.00003,-0.44,-9999.99,-100.00
289,Exit short,2017-08-19 12:00,Short Exit,4017,0.000002,0.007906,-0.0001,-1.82,0.0001,1.24,-0.0001,-1.72,-9999.99,-100.00
289,Entry short,2017-08-19 12:00,Short,3953,0.000002,0.007906,-0.0001,-1.82,0.0001,1.24,-0.0001,-1.72,-9999.99,-100.00
290,Exit long,2017-08-23 08:00,Long Exit,4220,0.000002,0.008198,0.0002,2.75,0.0002,2.85,-0.00004,-0.54,-9999.99,-100.00
290,Entry long,2017-08-23 08:00,Long,4099,0.000002,0.008198,0.0002,2.75,0.0002,2.85,-0.00004,-0.54,-9999.99,-100.00
291,Exit long,2017-08-30 08:00,Long Exit,4505,0.000002,0.009156,-0.0002,-1.79,0.0001,1.30,-0.0002,-1.69,-9999.99,-100.00
291,Entry long,2017-08-29 16:00,Long,4578,0.000002,0.009156,-0.0002,-1.79,0.0001,1.30,-0.0002,-1.69,-9999.99,-100.00
292,Exit long,2017-09-13 08:00,Long Exit,3885,0.000002,0.007898,-0.0001,-1.82,0.0001,1.19,-0.0001,-1.72,-9999.99,-100.00
292,Entry long,2017-09-13 08:00,Long,3949,0.000002,0.007898,-0.0001,-1.82,0.0001,1.19,-0.0001,-1.72,-9999.99,-100.00
293,Exit short,2017-09-21 20:00,Short Exit,3689,0.000002,0.007276,-0.0001,-1.60,0,0.00,-0.0001,-1.50,-9999.99,-100.00
293,Entry short,2017-09-21 20:00,Short,3638,0.000002,0.007276,-0.0001,-1.60,0,0.00,-0.0001,-1.50,-9999.99,-100.00
294,Exit long,2017-09-25 00:00,Long Exit,3775,0.000002,0.007338,0.0002,2.68,0.0002,2.79,-0.00003,-0.40,-9999.99,-100.00
294,Entry long,2017-09-25 00:00,Long,3669,0.000002,0.007338,0.0002,2.68,0.0002,2.79,-0.00003,-0.40,-9999.99,-100.00
295,Exit long,2017-10-01 12:00,Long Exit,4251,0.000002,0.00864,-0.0002,-1.79,0.00005,0.57,-0.0001,-1.70,-9999.99,-100.00
295,Entry long,2017-09-30 20:00,Long,4320,0.000002,0.00864,-0.0002,-1.79,0.00005,0.57,-0.0001,-1.70,-9999.99,-100.00
296,Exit short,2017-10-05 12:00,Short Exit,4309,0.000002,0.008476,-0.0002,-1.88,0.0002,2.26,-0.0002,-1.77,-9999.99,-100.00
296,Entry short,2017-10-04 12:00,Short,4238,0.000002,0.008476,-0.0002,-1.88,0.0002,2.26,-0.0002,-1.77,-9999.99,-100.00
297,Exit short,2017-10-18 08:00,Short Exit,5365,0.000001,0.005288,-0.0001,-1.66,0.00004,0.83,-0.0001,-1.55,-9999.99,-100.00
297,Entry short,2017-10-18 08:00,Short,5288,0.000001,0.005288,-0.0001,-1.66,0.00004,0.83,-0.0001,-1.55,-9999.99,-100.00
298,Exit short,2017-10-25 08:00,Short Exit,5636,0.000001,0.005548,-0.0001,-1.79,0.0001,1.16,-0.0001,-1.68,-9999.99,-100.00
298,Entry short,2017-10-25 04:00,Short,5548,0.000001,0.005548,-0.0001,-1.79,0.0001,1.16,-0.0001,-1.68,-9999.99,-100.00
299,Exit long,2017-10-30 12:00,Long Exit,6051,0.000001,0.006147,-0.0001,-1.76,0.0002,2.66,-0.0001,-1.66,-9999.99,-100.00
299,Entry long,2017-10-29 20:00,Long,6147,0.000001,0.006147,-0.0001,-1.76,0.0002,2.66,-0.0001,-1.66,-9999.99,-100.00
300,Exit long,2017-11-05 20:00,Long Exit,7454,0.000001,0.007572,-0.0001,-1.76,0,0.00,-0.0001,-1.66,-9999.99,-100.00
300,Entry long,2017-11-05 20:00,Long,7572,0.000001,0.007572,-0.0001,-1.76,0,0.00,-0.0001,-1.66,-9999.99,-100.00
301,Exit short,2017-11-07 00:00,Short Exit,7075,0.000001,0.006966,-0.0001,-1.76,0.00001,0.20,-0.0001,-1.66,-9999.99,-100.00
301,Entry short,2017-11-07 00:00,Short,6966,0.000001,0.006966,-0.0001,-1.76,0.00001,0.20,-0.0001,-1.66,-9999.99,-100.00
302,Exit short,2017-11-10 20:00,Short Exit,6713,0.000001,0.006599,-0.0001,-1.93,0,0.00,-0.0001,-1.83,-9999.99,-100.00
302,Entry short,2017-11-10 20:00,Short,6599,0.000001,0.006599,-0.0001,-1.93,0,0.00,-0.0001,-1.83,-9999.99,-100.00
303,Exit long,2017-11-14 08:00,Long Exit,6499,0.000001,0.00661,-0.0001,-1.88,0.00002,0.28,-0.0001,-1.78,-9999.99,-100.00
303,Entry long,2017-11-14 08:00,Long,6610,0.000001,0.00661,-0.0001,-1.88,0.00002,0.28,-0.0001,-1.78,-9999.99,-100.00
304,Exit long,2017-11-15 00:00,Long Exit,6808,0.000001,0.006611,0.0002,2.77,0.0002,2.88,-0.00001,-0.13,-9999.99,-100.00
304,Entry long,2017-11-15 00:00,Long,6611,0.000001,0.006611,0.0002,2.77,0.0002,2.88,-0.00001,-0.13,-9999.99,-100.00
305,Exit long,2017-11-21 00:00,Long Exit,8082,0.000001,0.008203,-0.0001,-1.67,0.0001,0.72,-0.0001,-1.57,-9999.99,-100.00
305,Entry long,2017-11-20 16:00,Long,8203,0.000001,0.008203,-0.0001,-1.67,0.0001,0.72,-0.0001,-1.57,-9999.99,-100.00
306,Exit long,2017-11-26 00:00,Long Exit,8850,0.000001,0.008594,0.0002,2.77,0.0002,2.88,-0.00004,-0.41,-9999.99,-100.00
306,Entry long,2017-11-25 16:00,Long,8594,0.000001,0.008594,0.0002,2.77,0.0002,2.88,-0.00004,-0.41,-9999.99,-100.00
307,Exit long,2018-02-05 04:00,Long Exit,7992,0.000001,0.008118,-0.0001,-1.75,0.0002,2.58,-0.0001,-1.65,-9999.99,-100.00
307,Entry long,2018-02-05 04:00,Long,8118,0.000001,0.008118,-0.0001,-1.75,0.0002,2.58,-0.0001,-1.65,-9999.99,-100.00
308,Exit long,2018-02-10 08:00,Long Exit,8785,0.000001,0.008933,-0.0002,-1.85,0.0001,1.67,-0.0002,-1.76,-9999.99,-100.00
308,Entry long,2018-02-10 04:00,Long,8933,0.000001,0.008933,-0.0002,-1.85,0.0001,1.67,-0.0002,-1.76,-9999.99,-100.00
309,Exit short,2018-02-12 08:00,Short Exit,8598,0.000001,0.00847,-0.0001,-1.71,0,0.00,-0.0001,-1.61,-9999.99,-100.00
309,Entry short,2018-02-12 08:00,Short,8470,0.000001,0.00847,-0.0001,-1.71,0,0.00,-0.0001,-1.61,-9999.99,-100.00
310,Exit short,2018-02-12 20:00,Short Exit,8917,0.000001,0.008781,-0.0002,-1.75,0.0001,0.67,-0.0001,-1.65,-9999.99,-100.00
310,Entry short,2018-02-12 20:00,Short,8781,0.000001,0.008781,-0.0002,-1.75,0.0001,0.67,-0.0001,-1.65,-9999.99,-100.00
311,Exit long,2018-02-13 20:00,Long Exit,8490,0.000001,0.008629,-0.0002,-1.81,0.0001,1.20,-0.0001,-1.71,-9999.99,-100.00
311,Entry long,2018-02-13 20:00,Long,8629,0.000001,0.008629,-0.0002,-1.81,0.0001,1.20,-0.0001,-1.71,-9999.99,-100.00
312,Exit short,2018-03-14 20:00,Short Exit,8042,0.000001,0.008295,0.0002,2.85,0.0002,2.95,-0.0001,-0.88,-9999.99,-100.00
312,Entry short,2018-03-14 20:00,Short,8295,0.000001,0.008295,0.0002,2.85,0.0002,2.95,-0.0001,-0.88,-9999.99,-100.00
313,Exit short,2018-03-18 08:00,Short Exit,7790,0.000001,0.007682,-0.0001,-1.61,0.0001,1.50,-0.0001,-1.50,-9999.99,-100.00
313,Entry short,2018-03-18 08:00,Short,7682,0.000001,0.007682,-0.0001,-1.61,0.0001,1.50,-0.0001,-1.50,-9999.99,-100.00
314,Exit short,2018-03-26 08:00,Short Exit,8356,0.000001,0.008617,0.0002,2.83,0.0003,2.93,-0.00005,-0.53,-9999.99,-100.00
314,Entry short,2018-03-25 20:00,Short,8617,0.000001,0.008617,0.0002,2.83,0.0003,2.93,-0.00005,-0.53,-9999.99,-100.00
315,Exit long,2018-04-03 08:00,Long Exit,7279,0.000001,0.007396,-0.0001,-1.78,0.00001,0.13,-0.0001,-1.68,-9999.99,-100.00
315,Entry long,2018-04-03 08:00,Long,7396,0.000001,0.007396,-0.0001,-1.78,0.00001,0.13,-0.0001,-1.68,-9999.99,-100.00
316,Exit long,2018-04-09 00:00,Long Exit,7143,0.000001,0.006937,0.0002,2.76,0.0002,2.87,-0.00001,-0.19,-9999.99,-100.00
316,Entry long,2018-04-08 08:00,Long,6937,0.000001,0.006937,0.0002,2.76,0.0002,2.87,-0.00001,-0.19,-9999.99,-100.00
317,Exit long,2018-04-16 00:00,Long Exit,8170,0.000001,0.008307,-0.0002,-1.85,0.0001,1.32,-0.0001,-1.75,-9999.99,-100.00
317,Entry long,2018-04-15 20:00,Long,8307,0.000001,0.008307,-0.0002,-1.85,0.0001,1.32,-0.0001,-1.75,-9999.99,-100.00
318,Exit short,2018-04-18 04:00,Short Exit,7993,0.000001,0.00787,-0.0001,-1.76,0.0001,0.70,-0.0001,-1.66,-9999.99,-100.00
318,Entry short,2018-04-17 20:00,Short,7870,0.000001,0.00787,-0.0001,-1.76,0.0001,0.70,-0.0001,-1.66,-9999.99,-100.00
319,Exit long,2018-04-20 08:00,Long Exit,8520,0.000001,0.008275,0.0002,2.76,0.0002,2.86,-0.0001,-0.80,-9999.99,-100.00
319,Entry long,2018-04-20 00:00,Long,8275,0.000001,0.008275,0.0002,2.76,0.0002,2.86,-0.0001,-0.80,-9999.99,-100.00
320,Exit short,2018-05-02 04:00,Short Exit,9111,0.000001,0.008981,-0.0001,-1.65,0.0002,1.74,-0.0001,-1.55,-9999.99,-100.00
320,Entry short,2018-05-01 12:00,Short,8981,0.000001,0.008981,-0.0001,-1.65,0.0002,1.74,-0.0001,-1.55,-9999.99,-100.00
321,Exit long,2018-05-11 00:00,Long Exit,8950,0.000001,0.009091,-0.0002,-1.75,0.00003,0.32,-0.0002,-1.65,-9999.99,-100.00
321,Entry long,2018-05-10 20:00,Long,9091,0.000001,0.009091,-0.0002,-1.75,0.00003,0.32,-0.0002,-1.65,-9999.99,-100.00
322,Exit long,2018-05-17 00:00,Long Exit,8480,0.000001,0.008235,0.0002,2.77,0.0002,2.87,-0.0001,-1.19,-9999.99,-100.00
322,Entry long,2018-05-16 08:00,Long,8235,0.000001,0.008235,0.0002,2.77,0.0002,2.87,-0.0001,-1.19,-9999.99,-100.00
323,Exit long,2018-05-22 08:00,Long Exit,8249,0.000001,0.008379,-0.0001,-1.75,0.0002,2.42,-0.0001,-1.65,-9999.99,-100.00
323,Entry long,2018-05-20 16:00,Long,8379,0.000001,0.008379,-0.0001,-1.75,0.0002,2.42,-0.0001,-1.65,-9999.99,-100.00
324,Exit short,2018-05-29 00:00,Short Exit,7027,0.000001,0.007242,0.0002,2.77,0.0002,2.87,-0.00004,-0.53,-9999.99,-100.00
324,Entry short,2018-05-28 16:00,Short,7242,0.000001,0.007242,0.0002,2.77,0.0002,2.87,-0.00004,-0.53,-9999.99,-100.00
325,Exit long,2018-05-30 12:00,Long Exit,7374,0.000001,0.007495,-0.0001,-1.81,0.00004,0.54,-0.0001,-1.71,-9999.99,-100.00
325,Entry long,2018-05-30 08:00,Long,7495,0.000001,0.007495,-0.0001,-1.81,0.00004,0.54,-0.0001,-1.71,-9999.99,-100.00
326,Exit long,2018-06-04 08:00,Long Exit,7504,0.000001,0.007623,-0.0001,-1.76,0.0002,2.10,-0.0001,-1.66,-9999.99,-100.00
326,Entry long,2018-06-02 16:00,Long,7623,0.000001,0.007623,-0.0001,-1.76,0.0002,2.10,-0.0001,-1.66,-9999.99,-100.00
327,Exit short,2018-06-10 16:00,Short Exit,7073,0.000001,0.007283,0.0002,2.68,0.0002,2.78,-0.0001,-0.73,-9999.99,-100.00
327,Entry short,2018-06-10 04:00,Short,7283,0.000001,0.007283,0.0002,2.68,0.0002,2.78,-0.0001,-0.73,-9999.99,-100.00
328,Exit long,2018-06-20 00:00,Long Exit,6604,0.000001,0.006713,-0.0001,-1.82,0.0001,1.82,-0.0001,-1.72,-9999.99,-100.00
328,Entry long,2018-06-19 00:00,Long,6713,0.000001,0.006713,-0.0001,-1.82,0.0001,1.82,-0.0001,-1.72,-9999.99,-100.00
329,Exit short,2018-06-22 12:00,Short Exit,6175,0.000001,0.00636,0.0002,2.71,0.0002,2.81,-0.00002,-0.32,-9999.99,-100.00
329,Entry short,2018-06-22 12:00,Short,6360,0.000001,0.00636,0.0002,2.71,0.0002,2.81,-0.00002,-0.32,-9999.99,-100.00
330,Exit short,2018-06-29 04:00,Short Exit,5939,0.000001,0.005843,-0.0001,-1.84,0,0.00,-0.0001,-1.74,-9999.99,-100.00
330,Entry short,2018-06-29 00:00,Short,5843,0.000001,0.005843,-0.0001,-1.84,0,0.00,-0.0001,-1.74,-9999.99,-100.00
331,Exit long,2018-07-09 20:00,Long Exit,6635,0.000001,0.006733,-0.0001,-1.65,0.00004,0.52,-0.0001,-1.55,-9999.99,-100.00
331,Entry long,2018-07-08 12:00,Long,6733,0.000001,0.006733,-0.0001,-1.65,0.00004,0.52,-0.0001,-1.55,-9999.99,-100.00
332,Exit long,2018-07-16 08:00,Long Exit,6551,0.000001,0.006362,0.0002,2.77,0.0002,2.87,-0.00003,-0.45,-9999.99,-100.00
332,Entry long,2018-07-16 08:00,Long,6362,0.000001,0.006362,0.0002,2.77,0.0002,2.87,-0.00003,-0.45,-9999.99,-100.00
333,Exit short,2018-07-24 04:00,Short Exit,7868,0.000001,0.007748,-0.0001,-1.75,0.0001,1.32,-0.0001,-1.65,-9999.99,-100.00
333,Entry short,2018-07-23 08:00,Short,7748,0.000001,0.007748,-0.0001,-1.75,0.0001,1.32,-0.0001,-1.65,-9999.99,-100.00
334,Exit short,2018-08-01 00:00,Short Exit,7521,0.000001,0.007747,0.0002,2.72,0.0002,2.81,-0.0001,-1.22,-9999.99,-100.00
334,Entry short,2018-07-31 16:00,Short,7747,0.000001,0.007747,0.0002,2.72,0.0002,2.81,-0.0001,-1.22,-9999.99,-100.00
335,Exit short,2018-08-04 12:00,Short Exit,7182,0.000001,0.007397,0.0002,2.71,0.0002,2.80,-0.00002,-0.22,-9999.99,-100.00
335,Entry short,2018-08-04 12:00,Short,7397,0.000001,0.007397,0.0002,2.71,0.0002,2.80,-0.00002,-0.22,-9999.99,-100.00
336,Exit short,2018-08-08 16:00,Short Exit,6389,0.000001,0.006588,0.0002,2.82,0.0002,2.92,-0.00001,-0.13,-9999.99,-100.00
336,Entry short,2018-08-08 04:00,Short,6588,0.000001,0.006588,0.0002,2.82,0.0002,2.92,-0.00001,-0.13,-9999.99,-100.00
337,Exit long,2018-08-13 08:00,Long Exit,6501,0.000001,0.006314,0.0002,2.76,0.0002,2.86,-0.00002,-0.29,-9999.99,-100.00
337,Entry long,2018-08-13 00:00,Long,6314,0.000001,0.006314,0.0002,2.76,0.0002,2.86,-0.00002,-0.29,-9999.99,-100.00
338,Exit long,2018-08-14 20:00,Long Exit,6211,0.000001,0.006037,0.0002,2.68,0.0002,2.78,-0.0001,-1.04,-9999.99,-100.00
338,Entry long,2018-08-14 08:00,Long,6037,0.000001,0.006037,0.0002,2.68,0.0002,2.78,-0.0001,-1.04,-9999.99,-100.00
339,Exit long,2018-08-22 12:00,Long Exit,6627,0.000001,0.006731,-0.0001,-1.74,0.00002,0.30,-0.0001,-1.64,-9999.99,-100.00
339,Entry long,2018-08-22 04:00,Long,6731,0.000001,0.006731,-0.0001,-1.74,0.00002,0.30,-0.0001,-1.64,-9999.99,-100.00
340,Exit long,2018-08-30 12:00,Long Exit,6819,0.000001,0.006927,-0.0001,-1.76,0.0002,2.76,-0.0001,-1.66,-9999.99,-100.00
340,Entry long,2018-08-28 08:00,Long,6927,0.000001,0.006927,-0.0001,-1.76,0.0002,2.76,-0.0001,-1.66,-9999.99,-100.00
341,Exit short,2018-08-31 16:00,Short Exit,7065,0.000001,0.006956,-0.0001,-1.77,0.0001,1.01,-0.0001,-1.67,-9999.99,-100.00
341,Entry short,2018-08-31 08:00,Short,6956,0.000001,0.006956,-0.0001,-1.77,0.0001,1.01,-0.0001,-1.67,-9999.99,-100.00
342,Exit long,2018-09-04 12:00,Long Exit,7381,0.000001,0.007168,0.0002,2.77,0.0002,2.87,-0.00004,-0.62,-9999.99,-100.00
342,Entry long,2018-09-01 16:00,Long,7168,0.000001,0.007168,0.0002,2.77,0.0002,2.87,-0.00004,-0.62,-9999.99,-100.00
343,Exit long,2018-09-05 08:00,Long Exit,7256,0.000001,0.00737,-0.0001,-1.74,0.00001,0.10,-0.0001,-1.65,-9999.99,-100.00
343,Entry long,2018-09-05 04:00,Long,7370,0.000001,0.00737,-0.0001,-1.74,0.00001,0.10,-0.0001,-1.65,-9999.99,-100.00
344,Exit long,2018-09-14 08:00,Long Exit,6382,0.000001,0.006484,-0.0001,-1.77,0.0001,1.49,-0.0001,-1.67,-9999.99,-100.00
344,Entry long,2018-09-13 16:00,Long,6484,0.000001,0.006484,-0.0001,-1.77,0.0001,1.49,-0.0001,-1.67,-9999.99,-100.00
345,Exit short,2018-09-18 12:00,Short Exit,6363,0.000001,0.006268,-0.0001,-1.72,0.0001,0.98,-0.0001,-1.61,-9999.99,-100.00
345,Entry short,2018-09-17 20:00,Short,6268,0.000001,0.006268,-0.0001,-1.72,0.0001,0.98,-0.0001,-1.61,-9999.99,-100.00
346,Exit long,2018-09-21 08:00,Long Exit,6747,0.000001,0.006555,0.0002,2.72,0.0002,2.83,-0.00004,-0.63,-9999.99,-100.00
346,Entry long,2018-09-21 04:00,Long,6555,0.000001,0.006555,0.0002,2.72,0.0002,2.83,-0.00004,-0.63,-9999.99,-100.00
347,Exit short,2018-09-27 16:00,Short Exit,6556,0.000001,0.006456,-0.0001,-1.75,0.0001,1.93,-0.0001,-1.65,-9999.99,-100.00
347,Entry short,2018-09-25 04:00,Short,6456,0.000001,0.006456,-0.0001,-1.75,0.0001,1.93,-0.0001,-1.65,-9999.99,-100.00
348,Exit short,2018-10-03 00:00,Short Exit,6420,0.000001,0.006615,0.0002,2.75,0.0002,2.85,-0.00002,-0.34,-9999.99,-100.00
348,Entry short,2018-10-01 04:00,Short,6615,0.000001,0.006615,0.0002,2.75,0.0002,2.85,-0.00002,-0.34,-9999.99,-100.00
349,Exit short,2018-10-04 00:00,Short Exit,6514,0.000001,0.006413,-0.0001,-1.77,0,0.00,-0.0001,-1.67,-9999.99,-100.00
349,Entry short,2018-10-03 08:00,Short,6413,0.000001,0.006413,-0.0001,-1.77,0,0.00,-0.0001,-1.67,-9999.99,-100.00
350,Exit long,2018-10-10 04:00,Long Exit,6447,0.000001,0.006551,-0.0001,-1.78,0.0001,1.52,-0.0001,-1.69,-9999.99,-100.00
350,Entry long,2018-10-05 00:00,Long,6551,0.000001,0.006551,-0.0001,-1.78,0.0001,1.52,-0.0001,-1.69,-9999.99,-100.00
351,Exit short,2018-10-29 12:00,Short Exit,6220,0.000001,0.00641,0.0002,2.76,0.0002,2.86,-0.0001,-1.41,-9999.99,-100.00
351,Entry short,2018-10-15 12:00,Short,6410,0.000001,0.00641,0.0002,2.76,0.0002,2.86,-0.0001,-1.41,-9999.99,-100.00
352,Exit short,2018-11-02 00:00,Short Exit,6378,0.000001,0.006277,-0.0001,-1.81,0.0001,1.14,-0.0001,-1.71,-9999.99,-100.00
352,Entry short,2018-10-29 16:00,Short,6277,0.000001,0.006277,-0.0001,-1.81,0.0001,1.14,-0.0001,-1.71,-9999.99,-100.00
353,Exit long,2018-11-07 00:00,Long Exit,6526,0.000001,0.006336,0.0002,2.79,0.0002,2.90,-0.00003,-0.49,-9999.99,-100.00
353,Entry long,2018-11-04 00:00,Long,6336,0.000001,0.006336,0.0002,2.79,0.0002,2.90,-0.00003,-0.49,-9999.99,-100.00
354,Exit short,2018-11-14 12:00,Short Exit,6073,0.000001,0.006254,0.0002,2.69,0.0002,2.79,-0.0001,-0.80,-9999.99,-100.00
354,Entry short,2018-11-14 00:00,Short,6254,0.000001,0.006254,0.0002,2.69,0.0002,2.79,-0.0001,-0.80,-9999.99,-100.00
355,Exit long,2018-11-19 12:00,Long Exit,5169,0.000001,0.005256,-0.0001,-1.85,0.00001,0.28,-0.0001,-1.75,-9999.99,-100.00
355,Entry long,2018-11-19 12:00,Long,5256,0.000001,0.005256,-0.0001,-1.85,0.00001,0.28,-0.0001,-1.75,-9999.99,-100.00
356,Exit short,2018-11-24 16:00,Short Exit,4136,0.000002,0.008526,0.0002,2.78,0.0002,2.88,-0.00004,-0.47,-9999.99,-100.00
356,Entry short,2018-11-24 12:00,Short,4263,0.000002,0.008526,0.0002,2.78,0.0002,2.88,-0.00004,-0.47,-9999.99,-100.00
357,Exit long,2018-11-28 20:00,Long Exit,4211,0.000002,0.008562,-0.0002,-1.83,0.0001,1.63,-0.0001,-1.73,-9999.99,-100.00
357,Entry long,2018-11-28 20:00,Long,4281,0.000002,0.008562,-0.0002,-1.83,0.0001,1.63,-0.0001,-1.73,-9999.99,-100.00
358,Exit long,2018-12-12 08:00,Long Exit,3424,0.000002,0.006652,0.0002,2.74,0.0002,2.84,-0.0001,-1.09,-9999.99,-100.00
358,Entry long,2018-12-11 16:00,Long,3326,0.000002,0.006652,0.0002,2.74,0.0002,2.84,-0.0001,-1.09,-9999.99,-100.00
359,Exit short,2018-12-14 16:00,Short Exit,3163,0.000003,0.009783,0.0003,2.81,0.0003,2.90,-0.0001,-0.71,-9999.99,-100.00
359,Entry short,2018-12-14 08:00,Short,3261,0.000003,0.009783,0.0003,2.81,0.0003,2.90,-0.0001,-0.71,-9999.99,-100.00
360,Exit long,2018-12-17 16:00,Long Exit,3499,0.000003,0.010197,0.0003,2.74,0.0003,2.84,-0.00003,-0.25,-9999.99,-100.00
360,Entry long,2018-12-17 16:00,Long,3399,0.000003,0.010197,0.0003,2.74,0.0003,2.84,-0.00003,-0.25,-9999.99,-100.00
361,Exit long,2018-12-24 08:00,Long Exit,4122,0.000002,0.008376,-0.0001,-1.77,0.0001,0.66,-0.0001,-1.67,-9999.99,-100.00
361,Entry long,2018-12-24 08:00,Long,4188,0.000002,0.008376,-0.0001,-1.77,0.0001,0.66,-0.0001,-1.67,-9999.99,-100.00
362,Exit short,2018-12-28 12:00,Short Exit,3696,0.000002,0.007274,-0.0001,-1.82,0.0001,1.00,-0.0001,-1.72,-9999.99,-100.00
362,Entry short,2018-12-28 12:00,Short,3637,0.000002,0.007274,-0.0001,-1.82,0.0001,1.00,-0.0001,-1.72,-9999.99,-100.00
363,Exit short,2019-01-01 12:00,Short Exit,3739,0.000002,0.007358,-0.0001,-1.83,0.00001,0.20,-0.0001,-1.73,-9999.99,-100.00
363,Entry short,2019-01-01 04:00,Short,3679,0.000002,0.007358,-0.0001,-1.83,0.00001,0.20,-0.0001,-1.73,-9999.99,-100.00
364,Exit short,2019-01-02 20:00,Short Exit,3910,0.000002,0.007696,-0.0001,-1.81,0.00001,0.11,-0.0001,-1.71,-9999.99,-100.00
364,Entry short,2019-01-02 20:00,Short,3848,0.000002,0.007696,-0.0001,-1.81,0.00001,0.11,-0.0001,-1.71,-9999.99,-100.00
365,Exit long,2019-01-07 08:00,Long Exit,3989,0.000002,0.00811,-0.0001,-1.82,0.00002,0.27,-0.0001,-1.73,-9999.99,-100.00
365,Entry long,2019-01-06 20:00,Long,4055,0.000002,0.00811,-0.0001,-1.82,0.00002,0.27,-0.0001,-1.73,-9999.99,-100.00
366,Exit long,2019-01-10 16:00,Long Exit,3744,0.000002,0.00761,-0.0001,-1.80,0.000002,0.03,-0.0001,-1.70,-9999.99,-100.00
366,Entry long,2019-01-10 08:00,Long,3805,0.000002,0.00761,-0.0001,-1.80,0.000002,0.03,-0.0001,-1.70,-9999.99,-100.00
367,Exit short,2019-01-14 08:00,Short Exit,3575,0.000002,0.007038,-0.0001,-1.79,0,0.00,-0.0001,-1.69,-9999.99,-100.00
367,Entry short,2019-01-14 04:00,Short,3519,0.000002,0.007038,-0.0001,-1.79,0,0.00,-0.0001,-1.69,-9999.99,-100.00
368,Exit long,2019-01-20 08:00,Long Exit,3649,0.000002,0.007412,-0.0001,-1.73,0,0.00,-0.0001,-1.64,-9999.99,-100.00
368,Entry long,2019-01-19 20:00,Long,3706,0.000002,0.007412,-0.0001,-1.73,0,0.00,-0.0001,-1.64,-9999.99,-100.00
369,Exit short,2019-01-29 04:00,Short Exit,3332,0.000002,0.006864,0.0002,2.71,0.0002,2.81,-0.00003,-0.39,-9999.99,-100.00
369,Entry short,2019-01-28 08:00,Short,3432,0.000002,0.006864,0.0002,2.71,0.0002,2.81,-0.00003,-0.39,-9999.99,-100.00
370,Exit short,2019-02-08 12:00,Short Exit,3415,0.000002,0.006722,-0.0001,-1.81,0.00004,0.58,-0.0001,-1.70,-9999.99,-100.00
370,Entry short,2019-02-06 20:00,Short,3361,0.000002,0.006722,-0.0001,-1.81,0.00004,0.58,-0.0001,-1.70,-9999.99,-100.00
371,Exit long,2019-02-18 12:00,Long Exit,3795,0.000002,0.007372,0.0002,2.75,0.0002,2.85,-0.0001,-0.89,-9999.99,-100.00
371,Entry long,2019-02-18 04:00,Long,3686,0.000002,0.007372,0.0002,2.75,0.0002,2.85,-0.0001,-0.89,-9999.99,-100.00
372,Exit short,2019-02-23 20:00,Short Exit,4160,0.000002,0.008188,-0.0001,-1.81,0,0.00,-0.0001,-1.71,-9999.99,-100.00
372,Entry short,2019-02-23 20:00,Short,4094,0.000002,0.008188,-0.0001,-1.81,0,0.00,-0.0001,-1.71,-9999.99,-100.00
373,Exit short,2019-03-05 12:00,Short Exit,3765,0.000002,0.00741,-0.0001,-1.82,0.00004,0.57,-0.0001,-1.72,-9999.99,-100.00
373,Entry short,2019-03-04 12:00,Short,3705,0.000002,0.00741,-0.0001,-1.82,0.00004,0.57,-0.0001,-1.72,-9999.99,-100.00
374,Exit short,2019-03-14 12:00,Short Exit,3882,0.000002,0.00764,-0.0001,-1.82,0,0.00,-0.0001,-1.72,-9999.99,-100.00
374,Entry short,2019-03-12 08:00,Short,3820,0.000002,0.00764,-0.0001,-1.82,0,0.00,-0.0001,-1.72,-9999.99,-100.00
375,Exit long,2019-03-25 16:00,Long Exit,3892,0.000002,0.007906,-0.0001,-1.74,0.0002,2.48,-0.0001,-1.64,-9999.99,-100.00
375,Entry long,2019-03-16 04:00,Long,3953,0.000002,0.007906,-0.0001,-1.74,0.0002,2.48,-0.0001,-1.64,-9999.99,-100.00
376,Exit short,2019-03-27 00:00,Short Exit,3959,0.000002,0.007796,-0.0001,-1.76,0.00004,0.57,-0.0001,-1.66,-9999.99,-100.00
376,Entry short,2019-03-25 20:00,Short,3898,0.000002,0.007796,-0.0001,-1.76,0.00004,0.57,-0.0001,-1.66,-9999.99,-100.00
377,Exit long,2019-04-02 04:00,Long Exit,4303,0.000002,0.008354,0.0002,2.81,0.0002,2.91,-0.00002,-0.29,-9999.99,-100.00
377,Entry long,2019-04-02 04:00,Long,4177,0.000002,0.008354,0.0002,2.81,0.0002,2.91,-0.00002,-0.29,-9999.99,-100.00
378,Exit long,2019-04-08 00:00,Long Exit,5270,0.000001,0.005118,0.0001,2.76,0.0001,2.87,-0.0001,-1.43,-9999.99,-100.00
378,Entry long,2019-04-07 16:00,Long,5118,0.000001,0.005118,0.0001,2.76,0.0001,2.87,-0.0001,-1.43,-9999.99,-100.00
379,Exit short,2019-04-12 00:00,Short Exit,4921,0.000001,0.005067,0.0001,2.68,0.0001,2.78,-0.00001,-0.28,-9999.99,-100.00
379,Entry short,2019-04-11 20:00,Short,5067,0.000001,0.005067,0.0001,2.68,0.0001,2.78,-0.00001,-0.28,-9999.99,-100.00
380,Exit long,2019-04-16 16:00,Long Exit,5223,0.000001,0.005072,0.0001,2.77,0.0001,2.87,-0.0001,-1.22,-9999.99,-100.00
380,Entry long,2019-04-16 08:00,Long,5072,0.000001,0.005072,0.0001,2.77,0.0001,2.87,-0.0001,-1.22,-9999.99,-100.00
381,Exit long,2019-04-19 16:00,Long Exit,5348,0.000001,0.005193,0.0001,2.78,0.0001,2.88,-0.00003,-0.54,-9999.99,-100.00
381,Entry long,2019-04-16 20:00,Long,5193,0.000001,0.005193,0.0001,2.78,0.0001,2.88,-0.00003,-0.54,-9999.99,-100.00
382,Exit long,2019-04-24 04:00,Long Exit,5455,0.000001,0.005543,-0.0001,-1.78,0.0001,1.34,-0.0001,-1.69,-9999.99,-100.00
382,Entry long,2019-04-23 08:00,Long,5543,0.000001,0.005543,-0.0001,-1.78,0.0001,1.34,-0.0001,-1.69,-9999.99,-100.00
383,Exit long,2019-05-03 04:00,Long Exit,5476,0.000001,0.005321,0.0001,2.71,0.0001,2.81,-0.0001,-1.04,-9999.99,-100.00
383,Entry long,2019-05-01 04:00,Long,5321,0.000001,0.005321,0.0001,2.71,0.0001,2.81,-0.0001,-1.04,-9999.99,-100.00
384,Exit long,2019-05-07 12:00,Long Exit,5797,0.000001,0.005892,-0.0001,-1.81,0.0001,1.19,-0.0001,-1.71,-9999.99,-100.00
384,Entry long,2019-05-07 12:00,Long,5892,0.000001,0.005892,-0.0001,-1.81,0.0001,1.19,-0.0001,-1.71,-9999.99,-100.00
385,Exit long,2019-05-09 00:00,Long Exit,5991,0.000001,0.005823,0.0002,2.68,0.0002,2.78,-0.00004,-0.67,-9999.99,-100.00
385,Entry long,2019-05-08 08:00,Long,5823,0.000001,0.005823,0.0002,2.68,0.0002,2.78,-0.00004,-0.67,-9999.99,-100.00
386,Exit long,2019-05-17 12:00,Long Exit,7041,0.000001,0.007148,-0.0001,-1.69,0.0001,1.55,-0.0001,-1.60,-9999.99,-100.00
386,Entry long,2019-05-17 12:00,Long,7148,0.000001,0.007148,-0.0001,-1.69,0.0001,1.55,-0.0001,-1.60,-9999.99,-100.00
387,Exit long,2019-05-24 20:00,Long Exit,7939,0.000001,0.008068,-0.0001,-1.80,0.0001,0.92,-0.0001,-1.70,-9999.99,-100.00
387,Entry long,2019-05-24 20:00,Long,8068,0.000001,0.008068,-0.0001,-1.80,0.0001,0.92,-0.0001,-1.70,-9999.99,-100.00
388,Exit short,2019-05-31 12:00,Short Exit,8388,0.000001,0.008263,-0.0001,-1.71,0.0001,1.75,-0.0001,-1.61,-9999.99,-100.00
388,Entry short,2019-05-31 04:00,Short,8263,0.000001,0.008263,-0.0001,-1.71,0.0001,1.75,-0.0001,-1.61,-9999.99,-100.00
389,Exit long,2019-06-04 00:00,Long Exit,7980,0.000001,0.008106,-0.0001,-1.75,0,0.00,-0.0001,-1.65,-9999.99,-100.00
389,Entry long,2019-06-04 00:00,Long,8106,0.000001,0.008106,-0.0001,-1.75,0,0.00,-0.0001,-1.65,-9999.99,-100.00
390,Exit short,2019-06-10 08:00,Short Exit,7834,0.000001,0.007714,-0.0001,-1.76,0.0001,0.97,-0.0001,-1.65,-9999.99,-100.00
390,Entry short,2019-06-10 08:00,Short,7714,0.000001,0.007714,-0.0001,-1.76,0.0001,0.97,-0.0001,-1.65,-9999.99,-100.00
391,Exit long,2019-06-11 08:00,Long Exit,7847,0.000001,0.007969,-0.0001,-1.73,0.000002,0.03,-0.0001,-1.63,-9999.99,-100.00
391,Entry long,2019-06-11 04:00,Long,7969,0.000001,0.007969,-0.0001,-1.73,0.000002,0.03,-0.0001,-1.63,-9999.99,-100.00
392,Exit long,2019-06-12 00:00,Long Exit,8025,0.000001,0.00779,0.0002,2.81,0.0002,2.91,-0.0001,-1.09,-9999.99,-100.00
392,Entry long,2019-06-11 16:00,Long,7790,0.000001,0.00779,0.0002,2.81,0.0002,2.91,-0.0001,-1.09,-9999.99,-100.00
393,Exit long,2019-06-13 00:00,Long Exit,8066,0.000001,0.008193,-0.0001,-1.75,0.00002,0.22,-0.0001,-1.65,-9999.99,-100.00
393,Entry long,2019-06-12 16:00,Long,8193,0.000001,0.008193,-0.0001,-1.75,0.00002,0.22,-0.0001,-1.65,-9999.99,-100.00
394,Exit short,2019-09-28 20:00,Short Exit,8307,0.000001,0.00819,-0.0001,-1.63,0.0002,2.10,-0.0001,-1.53,-9999.99,-100.00
394,Entry short,2019-09-28 04:00,Short,8190,0.000001,0.00819,-0.0001,-1.63,0.0002,2.10,-0.0001,-1.53,-9999.99,-100.00
395,Exit long,2019-10-01 12:00,Long Exit,8301,0.000001,0.008422,-0.0001,-1.63,0.00005,0.59,-0.0001,-1.54,-9999.99,-100.00
395,Entry long,2019-10-01 04:00,Long,8422,0.000001,0.008422,-0.0001,-1.63,0.00005,0.59,-0.0001,-1.54,-9999.99,-100.00
396,Exit short,2019-10-07 08:00,Short Exit,7974,0.000001,0.007862,-0.0001,-1.62,0.0001,1.15,-0.0001,-1.52,-9999.99,-100.00
396,Entry short,2019-10-07 00:00,Short,7862,0.000001,0.007862,-0.0001,-1.62,0.0001,1.15,-0.0001,-1.52,-9999.99,-100.00
397,Exit short,2019-10-18 04:00,Short Exit,7891,0.000001,0.008132,0.0002,2.76,0.0002,2.86,-0.00004,-0.48,-9999.99,-100.00
397,Entry short,2019-10-16 08:00,Short,8132,0.000001,0.008132,0.0002,2.76,0.0002,2.86,-0.00004,-0.48,-9999.99,-100.00
398,Exit long,2019-10-22 20:00,Long Exit,8116,0.000001,0.008243,-0.0001,-1.74,0.0001,1.22,-0.0001,-1.64,-9999.99,-100.00
398,Entry long,2019-10-20 20:00,Long,8243,0.000001,0.008243,-0.0001,-1.74,0.0001,1.22,-0.0001,-1.64,-9999.99,-100.00
399,Exit short,2019-11-08 20:00,Margin call,8888,0.000001,0.008789,-0.0001,-1.33,0.0001,0.97,-0.0001,-1.23,-9999.99,-100.00
399,Entry short,2019-11-08 16:00,Short,8789,0.000001,0.008789,-0.0001,-1.33,0.0001,0.97,-0.0001,-1.23,-9999.99,-100.00
400,Exit short,2019-11-12 00:00,Margin call,8766,0.000001,0.008718,-0.0001,-0.75,0.00001,0.14,-0.0001,-0.65,-9999.99,-100.00
400,Entry short,2019-11-12 00:00,Short,8718,0.000001,0.008718,-0.0001,-0.75,0.00001,0.14,-0.0001,-0.65,-9999.99,-100.00
401,Exit short,2019-11-15 08:00,Short Exit,8681,0.000001,0.008548,-0.0002,-1.76,0,0.00,-0.0001,-1.65,-9999.99,-100.00
401,Entry short,2019-11-15 08:00,Short,8548,0.000001,0.008548,-0.0002,-1.76,0,0.00,-0.0001,-1.65,-9999.99,-100.00
402,Exit short,2019-11-15 20:00,Margin call,8524,0.000001,0.008474,-0.0001,-0.79,0.00003,0.36,-0.0001,-0.69,-9999.99,-100.00
402,Entry short,2019-11-15 20:00,Short,8474,0.000001,0.008474,-0.0001,-0.79,0.00003,0.36,-0.0001,-0.69,-9999.99,-100.00
403,Exit short,2019-11-21 08:00,Short Exit,7925,0.000001,0.008175,0.0002,2.86,0.0002,2.96,-0.0001,-0.78,-9999.99,-100.00
403,Entry short,2019-11-19 00:00,Short,8175,0.000001,0.008175,0.0002,2.86,0.0002,2.96,-0.0001,-0.78,-9999.99,-100.00
404,Exit long,2019-12-02 04:00,Long Exit,7190,0.000001,0.007294,-0.0001,-1.62,0.0002,2.35,-0.0001,-1.52,-9999.99,-100.00
404,Entry long,2019-12-01 04:00,Long,7294,0.000001,0.007294,-0.0001,-1.62,0.0002,2.35,-0.0001,-1.52,-9999.99,-100.00
405,Exit long,2019-12-08 00:00,Long Exit,7388,0.000001,0.007508,-0.0001,-1.79,0,0.00,-0.0001,-1.70,-9999.99,-100.00
405,Entry long,2019-12-08 00:00,Long,7508,0.000001,0.007508,-0.0001,-1.79,0,0.00,-0.0001,-1.70,-9999.99,-100.00
406,Exit short,2019-12-12 00:00,Short Exit,7114,0.000001,0.007342,0.0002,2.91,0.0002,3.00,-0.00002,-0.28,-9999.99,-100.00
406,Entry short,2019-12-10 12:00,Short,7342,0.000001,0.007342,0.0002,2.91,0.0002,3.00,-0.00002,-0.28,-9999.99,-100.00
407,Exit long,2019-12-16 16:00,Long Exit,6951,0.000001,0.007068,-0.0001,-1.85,0.0001,2.12,-0.0001,-1.75,-9999.99,-100.00
407,Entry long,2019-12-15 00:00,Long,7068,0.000001,0.007068,-0.0001,-1.85,0.0001,2.12,-0.0001,-1.75,-9999.99,-100.00
408,Exit long,2019-12-23 16:00,Long Exit,7395,0.000001,0.007524,-0.0001,-1.91,0.0002,2.14,-0.0001,-1.81,-9999.99,-100.00
408,Entry long,2019-12-23 00:00,Long,7524,0.000001,0.007524,-0.0001,-1.91,0.0002,2.14,-0.0001,-1.81,-9999.99,-100.00
409,Exit long,2019-12-29 20:00,Long Exit,7350,0.000001,0.007469,-0.0001,-1.79,0.00005,0.64,-0.0001,-1.69,-9999.99,-100.00
409,Entry long,2019-12-29 20:00,Long,7469,0.000001,0.007469,-0.0001,-1.79,0.00005,0.64,-0.0001,-1.69,-9999.99,-100.00
410,Exit long,2020-01-02 00:00,Long Exit,7109,0.000001,0.007225,-0.0001,-1.80,0.0001,0.96,-0.0001,-1.70,-9999.99,-100.00
410,Entry long,2019-12-31 00:00,Long,7225,0.000001,0.007225,-0.0001,-1.80,0.0001,0.96,-0.0001,-1.70,-9999.99,-100.00
411,Exit short,2020-01-03 04:00,Short Exit,7074,0.000001,0.006965,-0.0001,-1.76,0.0001,1.49,-0.0001,-1.66,-9999.99,-100.00
411,Entry short,2020-01-02 20:00,Short,6965,0.000001,0.006965,-0.0001,-1.76,0.0001,1.49,-0.0001,-1.66,-9999.99,-100.00
412,Exit short,2020-03-12 12:00,Short Exit,6124,0.000001,0.006002,-0.0001,-2.23,0,0.00,-0.0001,-2.13,-9999.99,-100.00
412,Entry short,2020-03-12 12:00,Short,6002,0.000001,0.006002,-0.0001,-2.23,0,0.00,-0.0001,-2.13,-9999.99,-100.00
413,Exit long,2020-03-19 12:00,Long Exit,5816,0.000001,0.00566,0.0001,2.55,0.0002,2.65,-0.00003,-0.58,-9999.99,-100.00
413,Entry long,2020-03-19 12:00,Long,5660,0.000001,0.00566,0.0001,2.55,0.0002,2.65,-0.00003,-0.58,-9999.99,-100.00
414,Exit short,2020-03-24 08:00,Short Exit,6692,0.000001,0.006586,-0.0001,-1.81,0,0.00,-0.0001,-1.71,-9999.99,-100.00
414,Entry short,2020-03-24 08:00,Short,6586,0.000001,0.006586,-0.0001,-1.81,0,0.00,-0.0001,-1.71,-9999.99,-100.00
415,Exit short,2020-03-28 08:00,Short Exit,6296,0.000001,0.006194,-0.0001,-1.85,0.00001,0.16,-0.0001,-1.75,-9999.99,-100.00
415,Entry short,2020-03-28 08:00,Short,6194,0.000001,0.006194,-0.0001,-1.85,0.00001,0.16,-0.0001,-1.75,-9999.99,-100.00
416,Exit long,2020-04-06 20:00,Long Exit,7370,0.000001,0.007157,0.0002,2.77,0.0002,2.87,-0.0001,-1.04,-9999.99,-100.00
416,Entry long,2020-04-06 16:00,Long,7157,0.000001,0.007157,0.0002,2.77,0.0002,2.87,-0.0001,-1.04,-9999.99,-100.00
417,Exit short,2020-04-12 12:00,Short Exit,7011,0.000001,0.006903,-0.0001,-1.76,0.0001,2.11,-0.0001,-1.66,-9999.99,-100.00
417,Entry short,2020-04-10 12:00,Short,6903,0.000001,0.006903,-0.0001,-1.76,0.0001,2.11,-0.0001,-1.66,-9999.99,-100.00
418,Exit short,2020-04-16 04:00,Short Exit,6721,0.000001,0.006617,-0.0001,-1.77,0.0001,2.07,-0.0001,-1.67,-9999.99,-100.00
418,Entry short,2020-04-16 00:00,Short,6617,0.000001,0.006617,-0.0001,-1.77,0.0001,2.07,-0.0001,-1.67,-9999.99,-100.00
419,Exit long,2020-04-18 20:00,Long Exit,7294,0.000001,0.007086,0.0002,2.73,0.0002,2.83,-0.0001,-1.58,-9999.99,-100.00
419,Entry long,2020-04-16 20:00,Long,7086,0.000001,0.007086,0.0002,2.73,0.0002,2.83,-0.0001,-1.58,-9999.99,-100.00
420,Exit short,2020-04-20 20:00,Short Exit,6873,0.000001,0.006766,-0.0001,-1.78,0.000001,0.02,-0.0001,-1.68,-9999.99,-100.00
420,Entry short,2020-04-20 20:00,Short,6766,0.000001,0.006766,-0.0001,-1.78,0.000001,0.02,-0.0001,-1.68,-9999.99,-100.00
421,Exit long,2020-04-28 04:00,Long Exit,7667,0.000001,0.007796,-0.0001,-1.85,0,0.00,-0.0001,-1.75,-9999.99,-100.00
421,Entry long,2020-04-28 00:00,Long,7796,0.000001,0.007796,-0.0001,-1.85,0,0.00,-0.0001,-1.75,-9999.99,-100.00