Strategy,Asset,Timeframe,Net_Profit_USD,ROI_Percent,ROI,ROI_Annual_Percent,ROI_Per_Day_Pct,Win_Rate_Percent,Profit_Factor,Sharpe_Ratio,Max_Drawdown_USD,Max_Drawdown_Percent,Gross_Drawdown_USD,Gross_Drawdown_Percent,Net_Drawdown_USD,Net_Drawdown_Percent,Current_Drawdown_USD,Current_Drawdown_Percent,Performance_Grade,Deployment_Status,Rank,Initial_Capital_USD,Final_Capital_USD,Time_period_checked,Time_start,time_end,fees_exchnage,Total_Trades,Data_Source
Donchian Trend BINANCEUSDT.P 2026-04-03,SUI,4h,5057974.36,50579.74,505.7974,785.55,2.1522,84.66,9.86,2.74,-76060.3,-1.62,-571146.8,-11.27,0,0,0,0,STRONG,TIER_1,22,10000,5067974.36,1043_days,24-05-2023,01-04-2026,0.06%,378,tv_backtester_jan_2024
Donchian Trend BINANCEUSDT 2026-04-03,LDO,4h,20791873.69,207918.74,2079.1874,638.16,1.7484,82.85,6.17,2.46,-327560.38,-1.64,-4021727.59,-19.33,0,0,0,0,PROMISING,TIER_2,14,10000,20801873.69,1396_days,01-06-2022,28-03-2026,0.06%,519,tv_backtester_jan_2024
Donchian Trend BINANCEUSDT.P 2026-04-03,LDO,4h,8663578.1,86635.78,866.3578,608.56,1.6673,83.97,7.68,2.61,-133531.31,-1.61,-1296458.86,-14.95,0,0,0,0,STRONG,TIER_1,21,10000,8673578.1,1262_days,13-10-2022,28-03-2026,0.06%,468,tv_backtester_jan_2024
CCI Trend BINANCEUSDT 2026-04-03,LDO,4h,11064520.06,110645.2,1106.452,519.41,1.423,82.61,10.67,3.02,-147730.33,-2.75,-1144494.96,-10.33,0,0,0,0,STRONG,TIER_1,18,10000,11074520.06,1404_days,30-05-2022,03-04-2026,0.06%,529,tv_backtester_jan_2024
Donchian Trend BINANCEUSDT 2026-04-03,DOT,4h,185815832.1,1858158.32,18581.5832,487.84,1.3366,80.29,5.4,1.81,-30540706.96,-14.12,-42207512.02,-19.51,-5.01,-0.05,-30540706.96,-14.12,PROMISING,TIER_2,5,10000,185825832.1,2027_days,12-09-2020,02-04-2026,0.06%,766,tv_backtester_jan_2024
Donchian Trend BINANCEUSDT.P 2026-04-03,AVAX,4h,153277772.2,1532777.72,15327.7772,483.32,1.3242,80.79,8.37,2.2,-4588173.2,-3.2,-20788031.18,-13.55,0,0,-104304.13,-0.07,STRONG,TIER_1,7,10000,153287772.2,1996_days,12-10-2020,01-04-2026,0.06%,807,tv_backtester_jan_2024
Donchian Trend BINANCEUSDT.P 2026-04-03,LINK,4h,471108926.3,4711089.26,47110.8926,475.83,1.3036,83.66,8.03,1.77,-7705449,-1.62,-67005629.95,-14.11,0,0,-3789569.97,-0.8,STRONG,TIER_1,4,10000,471118926.3,2245_days,07-02-2020,01-04-2026,0.06%,875,tv_backtester_jan_2024
Donchian Trend BINANCEUSDT.P 2026-04-03,DOT,4h,159790785.4,1597907.85,15979.0785,472.08,1.2934,79.65,5.69,1.85,-26671211.06,-14.3,-34043801.63,-18.26,0,0,-26671211.06,-14.3,PROMISING,TIER_2,6,10000,159800785.4,2027_days,12-09-2020,02-04-2026,0.06%,752,tv_backtester_jan_2024
Donchian Trend BINANCEUSDT 2026-04-03,ETH,4h,17091006794,170910067.9,1709100.679,435.74,1.1938,83.21,12.05,2.04,-258634060,-1.61,-1546218547,-9.05,-161.43,-1.61,0,0,STRONG,TIER_1,1,10000,17091016794,3123_days,12-09-2017,01-04-2026,0.06%,1263,tv_backtester_jan_2024
CCI Trend BINANCEUSDT.P 2026-04-03,DOT,4h,84524856.15,845248.56,8452.4856,410.06,1.1235,79.12,6.94,2.7,-7672321.73,-8.32,-14237479.79,-15.44,0,0,-7672321.73,-8.32,PROMISING,TIER_2,9,10000,84534856.15,2027_days,12-09-2020,02-04-2026,0.06%,814,tv_backtester_jan_2024
Donchian Trend BINANCEUSDT.P 2026-04-03,ETH,4h,125894639.6,1258946.4,12589.464,348.7,0.9553,84.19,15.25,2.13,-1898974.8,-1.61,-8832295.69,-7.02,0,0,0,0,STRONG,TIER_1,8,10000,125904639.6,2297_days,16-12-2019,01-04-2026,0.06%,898,tv_backtester_jan_2024
Donchian Trend BINANCEUSDT.P 2026-04-03,ADA,4h,70997056.29,709970.56,7099.7056,329.05,0.9015,74.31,8.98,1.98,-2043850.6,-3.3,-8894397.46,-12.49,-3339.29,-33.39,-214612.06,-0.3,STRONG,TIER_1,10,10000,71007056.29,2224_days,25-02-2020,29-03-2026,0.06%,829,tv_backtester_jan_2024
CCI Trend BINANCEUSDT 2026-04-03,ETH,4h,1255769023,12557690.23,125576.9023,294.25,0.8062,81.7,9.07,2.14,-19638271.53,-1.62,-155604771.9,-12.39,0,0,0,0,STRONG,TIER_1,2,10000,1255779023,3126_days,08-09-2017,31-03-2026,0.06%,1082,tv_backtester_jan_2024
Donchian Trend BINANCEUSDT 2026-04-03,BTC,4h,750952508,7509525.08,75095.2508,271.11,0.7428,82.13,10.16,2.15,-13658256.25,-3.29,-82006787.18,-10.92,0,0,-58478.63,-0.01,STRONG,TIER_1,3,10000,750962508,3127_days,07-09-2017,01-04-2026,0.06%,1237,tv_backtester_jan_2024
Donchian Trend BINANCEUSDT.P 2026-04-03 (1),SOL,4h,8736676.66,87366.77,873.6677,244.98,0.6712,67.03,7.24,2.08,-255403.2,-3.22,-1399454.69,-16,-2335.89,-23.36,0,0,PROMISING,TIER_2,19,10000,8746676.66,1998_days,06-10-2020,27-03-2026,0.06%,819,tv_backtester_jan_2024
Donchian Trend BINANCEUSDT.P 2026-04-03,SOL,4h,8736676.66,87366.77,873.6677,244.98,0.6712,67.03,7.24,2.08,-255403.2,-3.22,-1399454.69,-16,-2335.89,-23.36,0,0,PROMISING,TIER_2,20,10000,8746676.66,1998_days,06-10-2020,27-03-2026,0.06%,819,tv_backtester_jan_2024
Donchian Trend BINANCEUSDT.P 2026-04-03,BTC,4h,20816311.78,208163.12,2081.6312,223.87,0.6133,81.52,11.88,2.48,-356912.74,-3.2,-1912621.31,-9.18,-0.7,-0.01,0,0,STRONG,TIER_1,13,10000,20826311.78,2375_days,30-09-2019,01-04-2026,0.06%,871,tv_backtester_jan_2024
Donchian Trend BINANCEUSDT.P 2026-04-03,XRP,4h,13501417.81,135014.18,1350.1418,221.77,0.6076,71.95,9.88,1.84,-217925.7,-1.62,-1519913.53,-11.25,-29.98,-0.3,0,0,STRONG,TIER_1,15,10000,13511417.81,2253_days,27-01-2020,29-03-2026,0.06%,688,tv_backtester_jan_2024
CCI Trend BINANCEUSDT 2026-04-03,BTC,4h,60780476.75,607804.77,6078.0477,177.22,0.4855,80.66,13.68,2.67,-777021.2,-1.61,-4792383.31,-7.88,0,0,0,0,PROMISING,TIER_2,11,10000,60790476.75,3121_days,06-09-2017,25-03-2026,0.06%,1091,tv_backtester_jan_2024
HA Trend BINANCEUSDT.P 2026-04-03,LDO,4h,309828.4,3098.28,30.9828,171.76,0.4706,85.17,11.01,3.99,-6144.48,-1.95,-30963.91,-9.68,0,0,0,0,PROMISING,TIER_2,44,10000,319828.4,1266_days,14-10-2022,03-04-2026,0.06%,317,tv_backtester_jan_2024
HA Trend BINANCEUSDT 2026-04-03,LDO,4h,446988.41,4469.88,44.6988,170.48,0.4671,83.24,8.08,3.66,-10256.12,-3.21,-63127.12,-13.81,-161.48,-1.61,0,0,PROMISING,TIER_2,37,10000,456988.41,1403_days,30-05-2022,03-04-2026,0.06%,352,tv_backtester_jan_2024
HA Trend BINANCEUSDT.P 2026-04-03,LINK,4h,4237393.19,42373.93,423.7393,168.25,0.461,81.85,14.5,3.03,-68165.43,-1.63,-313910.72,-7.39,-0.04,0,0,0,PROMISING,TIER_2,23,10000,4247393.19,2240_days,10-02-2020,30-03-2026,0.06%,584,tv_backtester_jan_2024
HA Trend BINANCEUSDT.P 2026-04-03,AVAX,4h,2154389.52,21543.9,215.439,168.04,0.4604,83.64,19.96,3.35,-15745.09,-1.61,-113636.15,-5.25,0,0,0,0,PROMISING,TIER_2,24,10000,2164389.52,1992_days,15-10-2020,30-03-2026,0.06%,489,tv_backtester_jan_2024
HA Trend BINANCEUSDT.P 2026-04-03,SUI,4h,136079.73,1360.8,13.608,155.53,0.4261,81.82,5.72,3.22,-3528.9,-3.22,-28809.92,-19.72,0,0,0,0,PROMISING,TIER_2,64,10000,146079.73,1044_days,23-05-2023,02-04-2026,0.06%,264,tv_backtester_jan_2024
KC Breakout BINANCEUSDT 2026-04-03,ETH,4h,27418504.23,274185.04,2741.8504,152.27,0.4172,83.65,25.53,2.56,-384011.07,-1.63,-1117588.99,-4.07,-60.03,-0.6,0,0,PROMISING,TIER_2,12,10000,27428504.23,3125_days,05-09-2017,27-03-2026,0.06%,624,tv_backtester_jan_2024
HA Trend BINANCEUSDT.P 2026-04-03,DOT,4h,1421006.35,14210.06,142.1006,144.37,0.3955,78.06,7.03,2.71,-99082.6,-6.48,-235608.79,-15.4,0,0,-99082.6,-6.48,PROMISING,TIER_2,26,10000,1431006.35,2029_days,10-09-2020,01-04-2026,0.06%,547,tv_backtester_jan_2024
KC Breakout BINANCEUSDT 2026-04-03,LDO,4h,279230.67,2792.31,27.9231,142.71,0.391,81.93,6.89,2.64,-6789.1,-3.06,-47419.97,-16.4,0,0,0,0,PROMISING,TIER_2,47,10000,289230.67,1386_days,15-06-2022,01-04-2026,0.06%,249,tv_backtester_jan_2024
HA Trend BINANCEUSDT 2026-04-03,DOT,4h,1246408.04,12464.08,124.6408,138.41,0.3792,77.45,6.77,2.7,-83036.97,-6.2,-216092.3,-16.13,-176.23,-1.76,-83036.97,-6.2,PROMISING,TIER_2,27,10000,1256408.04,2032_days,07-09-2020,01-04-2026,0.06%,541,tv_backtester_jan_2024
Donchian Trend BINANCEUSDT 2026-04-03,BNB,4h,11901348.62,119013.49,1190.1349,133.54,0.3659,56.69,11.23,1.83,-223834.51,-3.11,-1163277.78,-9.75,-5372.94,-53.73,-21069.01,-0.18,PROMISING,TIER_2,16,10000,11911348.62,3050_days,25-11-2017,02-04-2026,0.06%,1136,tv_backtester_jan_2024
KC Breakout BINANCEUSDT.P 2026-04-03,DOT,4h,1065191.49,10651.91,106.5191,132.89,0.3641,78.36,6.66,2.28,-76234.88,-6.62,-188047.39,-16.33,0,0,-76234.88,-6.62,PROMISING,TIER_2,31,10000,1075191.49,2021_days,12-09-2020,27-03-2026,0.06%,402,tv_backtester_jan_2024
HA Trend BINANCEUSDT 2026-04-03,ETH,4h,11220159.8,112201.6,1122.016,127.02,0.348,83.23,13.79,2.62,-168211.7,-1.62,-877592.68,-7.81,0,0,0,0,PROMISING,TIER_2,17,10000,11230159.8,3129_days,07-09-2017,02-04-2026,0.06%,835,tv_backtester_jan_2024
HA Trend BINANCEUSDT.P 2026-04-03,ETH,4h,1450457.48,14504.57,145.0457,120.74,0.3308,83.01,14.04,3.03,-24573.95,-1.8,-111194.16,-7.61,0,0,0,0,PROMISING,TIER_2,25,10000,1460457.48,2299_days,16-12-2019,02-04-2026,0.06%,624,tv_backtester_jan_2024
HA Trend BINANCEUSDT.P 2026-04-03,XRP,4h,1193454.41,11934.54,119.3454,117.03,0.3206,70.97,22,3.36,-11167.08,-1.64,-56840.24,-4.72,-1025.59,-10.26,0,0,PROMISING,TIER_2,29,10000,1203454.41,2258_days,25-01-2020,02-04-2026,0.06%,620,tv_backtester_jan_2024
HA Trend BINANCEUSDT.P 2026-04-03,SOL,4h,591208.07,5912.08,59.1208,110.9,0.3038,66.28,9.43,2.9,-11229.2,-15.76,-70106.56,-11.66,-303.01,-3.03,0,0,PROMISING,TIER_2,35,10000,601208.07,2005_days,04-10-2020,01-04-2026,0.06%,513,tv_backtester_jan_2024
HA Trend BINANCEUSDT.P 2026-04-03 (1),SOL,4h,591208.07,5912.08,59.1208,110.9,0.3038,66.28,9.43,2.9,-11229.2,-15.76,-70106.56,-11.66,-303.01,-3.03,0,0,PROMISING,TIER_2,36,10000,601208.07,2005_days,04-10-2020,01-04-2026,0.06%,513,tv_backtester_jan_2024
HA Trend BINANCEUSDT.P 2026-04-03,ADA,4h,714133.53,7141.34,71.4134,101.47,0.278,69.35,10.58,2.98,-17958.19,-2.42,-74538.41,-10.04,-1325.56,-13.26,-17958.19,-2.42,PROMISING,TIER_2,33,10000,724133.53,2233_days,19-02-2020,02-04-2026,0.06%,558,tv_backtester_jan_2024
Aroon Trend BINANCEUSDT 2026-04-03,LDO,4h,134351.34,1343.51,13.4351,100.77,0.2761,82.57,10.24,2.82,-2016.8,-3.25,-14535.46,-10.07,-234.88,-2.35,0,0,PROMISING,TIER_2,65,10000,144351.34,1399_days,29-05-2022,28-03-2026,0.06%,218,tv_backtester_jan_2024
Breakout Retest BINANCEUSDT.P 2026-04-03,AVAX,4h,341174.13,3411.74,34.1174,91.97,0.252,82.56,12.25,2.98,-5519.77,-1.61,-30332.02,-8.64,0,0,0,0,PROMISING,TIER_2,42,10000,351174.13,1993_days,13-10-2020,30-03-2026,0.06%,281,tv_backtester_jan_2024
PSAR Trend BINANCEUSDT 2026-04-03,LDO,4h,105689.67,1056.9,10.569,90.28,0.2474,83.25,8.95,2.59,-1338.58,-1.61,-13293.49,-11.49,0,0,0,0,PROMISING,TIER_2,69,10000,115689.67,1390_days,06-06-2022,27-03-2026,0.06%,197,tv_backtester_jan_2024
Momentum V2 BINANCEUSDT.P 2026-04-03,SUI,4h,49957.76,499.58,4.9958,89.19,0.2444,85.71,23.12,3.42,-722.1,-1.62,-2257.99,-3.77,0,0,0,0,PROMISING,TIER_2,104,10000,59957.76,1026_days,30-05-2023,22-03-2026,0.06%,147,tv_backtester_jan_2024
Momentum V2 BINANCEUSDT.P 2026-04-03,LINK,4h,432520.98,4325.21,43.2521,85.16,0.2333,83.69,14.87,2.53,-7212.75,-1.62,-31192.37,-7.02,0,0,-2021.31,-0.45,PROMISING,TIER_2,39,10000,442520.98,2247_days,05-02-2020,02-04-2026,0.06%,325,tv_backtester_jan_2024
Momentum V2 BINANCEUSDT.P 2026-04-03,AVAX,4h,255516.27,2555.16,25.5516,82.11,0.225,84.73,14.78,2.78,-4337.04,-1.62,-18548.33,-6.94,0,0,-1561.36,-0.58,PROMISING,TIER_2,48,10000,265516.27,1998_days,12-10-2020,02-04-2026,0.06%,262,tv_backtester_jan_2024
39 Chandelier Exit BINANCEUSDT 2026-04-03,LDO,4h,84058.47,840.58,8.4058,79.75,0.2185,81.18,6.41,2.46,-2196.55,-3.22,-15528.59,-16.51,-78.31,-0.78,0,0,PROMISING,TIER_2,81,10000,94058.47,1396_days,31-05-2022,27-03-2026,0.06%,186,tv_backtester_jan_2024
HA Trend BINANCEUSDT.P 2026-04-03,BTC,4h,436014.12,4360.14,43.6014,79.33,0.2173,76.51,10.51,3.42,-6705.44,-1.73,-45833.24,-10.27,0,0,-471.73,-0.11,PROMISING,TIER_2,38,10000,446014.12,2375_days,28-09-2019,30-03-2026,0.06%,630,tv_backtester_jan_2024
Momentum V2 BINANCEUSDT.P 2026-04-03,LDO,4h,61178.59,611.79,6.1179,76.8,0.2104,84.66,9.48,2.74,-1117.41,-3.18,-7216.68,-10.14,0,0,0,0,PROMISING,TIER_2,93,10000,71178.59,1258_days,16-10-2022,28-03-2026,0.06%,176,tv_backtester_jan_2024
HA Trend BINANCEUSDT 2026-04-03,BTC,4h,1245650.42,12456.5,124.565,75.95,0.2081,76,9.17,2.97,-18895.79,-1.73,-152529.17,-12.13,0,0,-1549.38,-0.12,PROMISING,TIER_2,28,10000,1255650.42,3124_days,09-09-2017,30-03-2026,0.06%,825,tv_backtester_jan_2024
PSAR Trend BINANCEUSDT.P 2026-04-03,DOT,4h,217810.73,2178.11,21.7811,75.84,0.2078,79.43,8.51,3.01,-7875.14,-3.34,-28990.29,-12.3,-151.8,-1.52,-7875.14,-3.34,PROMISING,TIER_2,51,10000,227810.73,2023_days,17-09-2020,02-04-2026,0.06%,316,tv_backtester_jan_2024
Williams %R BINANCEUSDT 2026-04-03,LDO,4h,75884.9,758.85,7.5885,75.46,0.2067,81.82,8.69,2.95,-1052.44,-1.62,-9866.08,-11.49,0,0,0,0,PROMISING,TIER_2,87,10000,85884.9,1397_days,06-06-2022,03-04-2026,0.06%,198,tv_backtester_jan_2024
Momentum V2 BINANCEUSDT 2026-04-03,LDO,4h,74080.36,740.8,7.408,74.35,0.2037,82.38,7.09,2.6,-1659.92,-3.08,-12163.28,-14.47,0,0,0,0,PROMISING,TIER_2,89,10000,84080.36,1399_days,28-05-2022,28-03-2026,0.06%,193,tv_backtester_jan_2024
Aroon Trend BINANCEUSDT.P 2026-04-03,DOT,4h,207387.42,2073.87,20.7387,74.12,0.2031,80.77,8.36,3.15,-6196.61,-2.77,-28190.34,-12.61,0,0,-6196.61,-2.77,PROMISING,TIER_2,52,10000,217387.42,2028_days,12-09-2020,02-04-2026,0.06%,338,tv_backtester_jan_2024
Aroon Trend BINANCEUSDT 2026-04-03,ETH,4h,1092880.38,10928.8,109.288,73.12,0.2003,81.59,10.71,2.26,-13319.69,-1.66,-112578.07,-10.21,-161.34,-1.61,0,0,PROMISING,TIER_2,30,10000,1102880.38,3130_days,07-09-2017,03-04-2026,0.06%,516,tv_backtester_jan_2024
PSAR Trend BINANCEUSDT 2026-04-03,ETH,4h,994239.02,9942.39,99.4239,71.33,0.1954,82.91,10.46,2.43,-13926.12,-1.61,-105109.13,-10.47,0,0,0,0,PROMISING,TIER_2,32,10000,1004239.02,3127_days,08-09-2017,02-04-2026,0.06%,468,tv_backtester_jan_2024
Momentum V2 BINANCEUSDT 2026-04-03,DOT,4h,182797.8,1827.98,18.2798,70.26,0.1925,79.64,12.66,3.28,-6290.61,-3.16,-15674.4,-7.87,-159.69,-1.6,-6290.61,-3.16,PROMISING,TIER_2,57,10000,192797.8,2031_days,08-09-2020,02-04-2026,0.06%,280,tv_backtester_jan_2024
Williams %R BINANCEUSDT 2026-04-03,DOT,4h,172195.16,1721.95,17.2195,69.19,0.1896,78.82,8.44,2.38,-6386.44,-3.39,-23144.58,-12.27,-117.79,-1.18,-6386.44,-3.39,PROMISING,TIER_2,61,10000,182195.16,2016_days,09-09-2020,19-03-2026,0.06%,321,tv_backtester_jan_2024
Breakout Retest BINANCEUSDT.P 2026-04-03,LDO,4h,50206.64,502.07,5.0207,68.76,0.1884,74.4,7.69,2.79,-957.65,-1.63,-7508.93,-12.47,-119.76,-1.2,0,0,PROMISING,TIER_2,103,10000,60206.64,1253_days,19-10-2022,25-03-2026,0.06%,168,tv_backtester_jan_2024
Momentum V2 BINANCEUSDT.P 2026-04-03,DOT,4h,162077.65,1620.78,16.2078,66.94,0.1834,79.06,10.46,3.13,-8504.74,-4.71,-17129.73,-9.49,0,0,-8504.74,-4.71,PROMISING,TIER_2,62,10000,172077.65,2028_days,11-09-2020,02-04-2026,0.06%,277,tv_backtester_jan_2024
TRIX Signal BINANCEUSDT 2026-04-03,LDO,4h,59814.91,598.15,5.9815,66.27,0.1816,85.37,17.28,2.39,-977.41,-1.64,-3673.1,-5.26,0,0,0,0,PROMISING,TIER_2,94,10000,69814.91,1396_days,01-06-2022,28-03-2026,0.06%,123,tv_backtester_jan_2024
ADX DI Cross BINANCEUSDT 2026-04-03,LDO,4h,58374.08,583.74,5.8374,65.78,0.1802,81.46,6.54,2.71,-973.84,-1.61,-10539,-15.41,-128.4,-1.28,0,0,PROMISING,TIER_2,97,10000,68374.08,1389_days,07-06-2022,28-03-2026,0.06%,178,tv_backtester_jan_2024
6 BB Squeeze V2 BINANCEUSDT 2026-04-03,LDO,4h,58489.55,584.9,5.849,65.68,0.1799,86.67,16.77,2.4,-873.56,-8.42,-3709.88,-5.42,-500.7,-5.01,0,0,PROMISING,TIER_2,96,10000,68489.55,1392_days,30-05-2022,22-03-2026,0.06%,135,tv_backtester_jan_2024
Williams %R BINANCEUSDT.P 2026-04-03,DOT,4h,143679.8,1436.8,14.368,63.53,0.1741,77.6,8.64,2.36,-5321.69,-3.35,-18805.16,-11.83,-89.5,-0.9,-5321.69,-3.35,PROMISING,TIER_2,63,10000,153679.8,2029_days,10-09-2020,01-04-2026,0.06%,317,tv_backtester_jan_2024
Breakout Retest BINANCEUSDT.P 2026-04-03,LINK,4h,192657,1926.57,19.2657,63.37,0.1736,83.73,8.4,2.97,-3866.95,-3.19,-26032.55,-12.85,0,0,0,0,PROMISING,TIER_2,55,10000,202657,2239_days,13-02-2020,01-04-2026,0.06%,295,tv_backtester_jan_2024
6 BB Squeeze V2 BINANCEUSDT 2026-04-03,SUI,4h,30402.24,304.02,3.0402,63.06,0.1728,81.44,13.46,2.7,-625.71,-3.19,-2439.11,-6.04,0,0,0,0,PROMISING,TIER_2,119,10000,40402.24,1043_days,24-05-2023,01-04-2026,0.06%,97,tv_backtester_jan_2024
Breakout Retest BINANCEUSDT.P 2026-04-03,SUI,4h,30009.91,300.1,3.001,62.43,0.171,83.87,7.41,2.95,-932.29,-2.4,-4681.09,-11.7,0,0,0,0,PROMISING,TIER_2,120,10000,40009.91,1044_days,22-05-2023,01-04-2026,0.06%,124,tv_backtester_jan_2024
Breakout Retest BINANCEUSDT 2026-04-03,LDO,4h,53185.59,531.86,5.3186,62.21,0.1704,78.53,6.63,2.71,-999.2,-1.6,-9438.92,-14.94,-63.56,-0.64,0,0,PROMISING,TIER_2,101,10000,63185.59,1392_days,02-06-2022,25-03-2026,0.06%,177,tv_backtester_jan_2024
Momentum V2 BINANCEUSDT 2026-04-03,ETH,4h,600484.68,6004.85,60.0485,61.65,0.1689,80.09,11.38,2.19,-8871.79,-1.61,-57835.62,-9.47,0,0,0,0,PROMISING,TIER_2,34,10000,610484.68,3127_days,08-09-2017,02-04-2026,0.06%,457,tv_backtester_jan_2024
Momentum V2 BINANCEUSDT.P 2026-04-03,ETH,4h,192789.12,1927.89,19.2789,61.48,0.1684,81.36,11.12,2.43,-2933.19,-1.61,-19050.3,-9.39,0,0,0,0,PROMISING,TIER_2,54,10000,202789.12,2294_days,21-12-2019,02-04-2026,0.06%,354,tv_backtester_jan_2024
BB Squeeze V2 TimeFilter BINANCEUSDT 2026-04-03,LDO,4h,51361.2,513.61,5.1361,61.19,0.1676,86.57,13.03,2.68,-800.45,-3.17,-4269.47,-6.96,0,0,0,0,PROMISING,TIER_2,102,10000,61361.2,1388_days,30-05-2022,18-03-2026,0.06%,134,tv_backtester_jan_2024
39 Chandelier Exit BINANCEUSDT.P 2026-04-03,DOT,4h,117059.26,1170.59,11.7059,58.61,0.1606,81.22,9.9,2.81,-5269.14,-3.98,-13150.32,-9.94,0,0,-5269.14,-3.98,PROMISING,TIER_2,67,10000,127059.26,2013_days,12-09-2020,19-03-2026,0.06%,229,tv_backtester_jan_2024
Engulfing V2 BINANCEUSDT.P 2026-04-03,SUI,4h,27351.72,273.52,2.7352,58.5,0.1603,83.81,8.19,2.83,-1064.09,-3.22,-3805.6,-10.19,0,0,0,0,PROMISING,TIER_2,124,10000,37351.72,1045_days,22-05-2023,01-04-2026,0.06%,105,tv_backtester_jan_2024
Momentum V2 BINANCEUSDT.P 2026-04-03,XRP,4h,131977.23,1319.77,13.1977,54.04,0.148,70.75,11.93,2.74,-1573.33,-1.62,-12070.08,-8.5,-466.19,-4.66,0,0,PROMISING,TIER_2,66,10000,141977.23,2243_days,09-02-2020,01-04-2026,0.06%,335,tv_backtester_jan_2024
Breakout Retest BINANCEUSDT.P 2026-04-03,DOT,4h,99075.95,990.76,9.9076,53.84,0.1475,79.85,8.75,2.84,-4339.36,-3.83,-12785.28,-11.27,0,0,-4339.36,-3.83,PROMISING,TIER_2,72,10000,109075.95,2026_days,14-09-2020,02-04-2026,0.06%,268,tv_backtester_jan_2024
Engulfing V2 BINANCEUSDT.P 2026-04-03,AVAX,4h,88838.93,888.39,8.8839,53.62,0.1469,86.88,20.42,2.62,-909.62,-1.6,-4575.49,-4.63,0,0,0,0,PROMISING,TIER_2,78,10000,98838.93,1949_days,12-10-2020,12-02-2026,0.06%,160,tv_backtester_jan_2024
Aroon Trend BINANCEUSDT 2026-04-03,BTC,4h,373758.17,3737.58,37.3758,53.06,0.1454,81.53,11.25,3.01,-5891.49,-1.65,-36465.23,-9.5,0,0,0,0,PROMISING,TIER_2,40,10000,383758.17,3130_days,06-09-2017,02-04-2026,0.06%,536,tv_backtester_jan_2024
Breakout Retest BINANCEUSDT.P 2026-04-03,SOL,4h,92449.75,924.5,9.245,53.05,0.1453,70.74,8.71,2.89,-3542.67,-10.63,-11995.57,-11.71,-671.47,-6.71,0,0,PROMISING,TIER_2,74,10000,102449.75,1997_days,03-10-2020,23-03-2026,0.06%,270,tv_backtester_jan_2024
Breakout Retest BINANCEUSDT.P 2026-04-03 (1),SOL,4h,92449.75,924.5,9.245,53.05,0.1453,70.74,8.71,2.89,-3542.67,-10.63,-11995.57,-11.71,-671.47,-6.71,0,0,PROMISING,TIER_2,75,10000,102449.75,1997_days,03-10-2020,23-03-2026,0.06%,270,tv_backtester_jan_2024
ADX DI Cross BINANCEUSDT 2026-04-03,ETH,4h,361983.23,3619.83,36.1983,52.75,0.1445,85.37,18.35,2.41,-1826.64,-1.62,-20869.45,-5.61,0,0,0,0,PROMISING,TIER_2,41,10000,371983.23,3118_days,18-09-2017,02-04-2026,0.06%,376,tv_backtester_jan_2024
ADX DI Cross BINANCEUSDT.P 2026-04-03,DOT,4h,90318.11,903.18,9.0318,51.73,0.1417,79.24,9.82,2.75,-3233.07,-3.12,-10237.58,-9.89,0,0,-3233.07,-3.12,PROMISING,TIER_2,77,10000,100318.11,2020_days,19-09-2020,01-04-2026,0.06%,236,tv_backtester_jan_2024
Breakout Retest BINANCEUSDT.P 2026-04-03,ADA,4h,114928.35,1149.28,11.4928,51.42,0.1409,68.06,5.31,1.87,-5342.93,-4.1,-26675.31,-20.48,-813.38,-8.13,-5342.93,-4.1,PROMISING,TIER_2,68,10000,124928.35,2223_days,25-02-2020,28-03-2026,0.06%,288,tv_backtester_jan_2024
Breakout Retest BINANCEUSDT 2026-04-03,DOT,4h,90429.34,904.29,9.0429,51.35,0.1407,78.24,7.72,2.79,-3632.5,-3.49,-13465.2,-12.94,0,0,-3632.5,-3.49,PROMISING,TIER_2,76,10000,100429.34,2033_days,07-09-2020,02-04-2026,0.06%,262,tv_backtester_jan_2024
6 BB Squeeze V2 BINANCEUSDT 2026-04-03,ETH,4h,335230.6,3352.31,33.5231,51.3,0.1405,80.88,13.23,2.31,-4772.79,-1.61,-27400.12,-7.94,0,0,0,0,PROMISING,TIER_2,43,10000,345230.6,3124_days,08-09-2017,30-03-2026,0.06%,319,tv_backtester_jan_2024
Momentum V2 BINANCEUSDT.P 2026-04-03 (1),SOL,4h,79511.64,795.12,7.9512,49.13,0.1346,65.85,7.21,2.78,-4462.72,-14.4,-12793.6,-14.29,-147.59,-1.48,0,0,TESTING,PAPER_TRADE,82,10000,89511.64,2003_days,06-10-2020,01-04-2026,0.06%,284,tv_backtester_jan_2024
Momentum V2 BINANCEUSDT.P 2026-04-03,SOL,4h,79511.64,795.12,7.9512,49.13,0.1346,65.85,7.21,2.78,-4462.72,-14.4,-12793.6,-14.29,-147.59,-1.48,0,0,TESTING,PAPER_TRADE,83,10000,89511.64,2003_days,06-10-2020,01-04-2026,0.06%,284,tv_backtester_jan_2024
PSAR Trend BINANCEUSDT 2026-04-03,BTC,4h,292673.96,2926.74,29.2674,49.05,0.1344,80.25,11.83,2.84,-4665.39,-1.61,-27029.53,-8.93,0,0,0,0,TESTING,PAPER_TRADE,45,10000,302673.96,3121_days,13-09-2017,31-03-2026,0.06%,476,tv_backtester_jan_2024
Engulfing V2 BINANCEUSDT.P 2026-04-03,LDO,4h,29333.78,293.34,2.9334,48.88,0.1339,80,7.71,2.15,-924.34,-3.21,-4369.69,-11.11,0,0,0,0,TESTING,PAPER_TRADE,121,10000,39333.78,1257_days,17-10-2022,28-03-2026,0.06%,105,tv_backtester_jan_2024
Williams %R BINANCEUSDT 2026-04-03,ETH,4h,291629.06,2916.29,29.1629,48.83,0.1338,84.91,10.24,2.62,-4580.07,-1.62,-31547.68,-10.46,-161.54,-1.62,0,0,TESTING,PAPER_TRADE,46,10000,301629.06,3129_days,06-09-2017,02-04-2026,0.06%,424,tv_backtester_jan_2024
TRIX Signal BINANCEUSDT.P 2026-04-03,DOT,4h,74753.55,747.54,7.4754,47.63,0.1305,81.6,10.39,2.25,-3265.64,-3.71,-7962.66,-9.05,0,0,-3265.64,-3.71,TESTING,PAPER_TRADE,88,10000,84753.55,2004_days,07-10-2020,03-04-2026,0.06%,212,tv_backtester_jan_2024
HA Trend BINANCEUSDT 2026-04-03,BNB,4h,240187.61,2401.88,24.0188,47.12,0.1291,55.48,12.61,2.8,-3337.07,-3.27,-20684.39,-8.27,-3154.72,-31.55,0,0,TESTING,PAPER_TRADE,50,10000,250187.61,3046_days,27-11-2017,01-04-2026,0.06%,739,tv_backtester_jan_2024
39 Chandelier Exit BINANCEUSDT 2026-04-03,BTC,4h,242344,2423.44,24.2344,45.77,0.1254,82.31,11.82,2.84,-4216.55,-1.78,-22406.67,-8.87,0,0,-245.03,-0.1,TESTING,PAPER_TRADE,49,10000,252344,3129_days,05-09-2017,01-04-2026,0.06%,373,tv_backtester_jan_2024
Breakout Retest BINANCEUSDT.P 2026-04-03,ETH,4h,96601.53,966.02,9.6602,45.74,0.1253,86.75,24.01,2.44,-762.4,-1.61,-4197.8,-3.94,0,0,0,0,TESTING,PAPER_TRADE,73,10000,106601.53,2295_days,19-12-2019,01-04-2026,0.06%,249,tv_backtester_jan_2024
Momentum V2 BINANCEUSDT.P 2026-04-03,BTC,4h,100597.25,1005.97,10.0597,44.9,0.123,79.61,11.06,3.1,-2805.96,-3.33,-9998.91,-9.04,0,0,0,0,TESTING,PAPER_TRADE,71,10000,110597.25,2367_days,30-09-2019,24-03-2026,0.06%,363,tv_backtester_jan_2024
Engulfing V2 BINANCEUSDT 2026-04-03,LDO,4h,28913.64,289.14,2.8914,44.31,0.1214,77.19,6.3,2.06,-941.51,-3.11,-5456.94,-13.77,0,0,-714.24,-1.8,TESTING,PAPER_TRADE,123,10000,38913.64,1353_days,24-06-2022,09-03-2026,0.06%,114,tv_backtester_jan_2024
6 BB Squeeze V2 BINANCEUSDT 2026-04-03,DOT,4h,65569.06,655.69,6.5569,43.89,0.1203,86.1,9.37,2.71,-1598.84,-2.07,-7838.48,-10.16,0,0,-1598.84,-2.07,TESTING,PAPER_TRADE,91,10000,75569.06,2030_days,10-09-2020,02-04-2026,0.06%,223,tv_backtester_jan_2024
39 Chandelier Exit BINANCEUSDT 2026-04-03,ETH,4h,206167.81,2061.68,20.6168,43.21,0.1184,84.68,13,2.19,-3345.44,-1.61,-17179.49,-7.95,-320.54,-3.21,0,0,TESTING,PAPER_TRADE,53,10000,216167.81,3126_days,10-09-2017,02-04-2026,0.06%,333,tv_backtester_jan_2024
Ichimoku V2 BINANCEUSDT.P 2026-04-03,SUI,4h,16865.32,168.65,1.6865,42.76,0.1171,90.2,33.33,2.2,-312.98,-1.62,-521.64,-1.94,0,0,0,0,TESTING,PAPER_TRADE,140,10000,26865.32,1014_days,05-06-2023,16-03-2026,0.06%,51,tv_backtester_jan_2024
6 BB Squeeze V2 BINANCEUSDT 2026-04-03,ETH,4h,192578.72,1925.79,19.2579,42.16,0.1155,74.29,9.39,2.24,-1964.7,-1.14,-22941.92,-11.32,0,0,0,0,TESTING,PAPER_TRADE,56,10000,202578.72,3124_days,08-09-2017,30-03-2026,0.06%,319,tv_backtester_jan_2024
Engulfing V2 BINANCEUSDT.P 2026-04-03,ADA,4h,71547.14,715.47,7.1547,41.73,0.1143,71.91,12.47,2.08,-1321.97,-1.62,-6238.58,-7.59,-232.06,-2.32,-627.13,-0.76,TESTING,PAPER_TRADE,90,10000,81547.14,2198_days,03-03-2020,10-03-2026,0.06%,178,tv_backtester_jan_2024
Momentum V2 BINANCEUSDT 2026-04-03,BTC,4h,179397.37,1793.97,17.9397,41.1,0.1126,79.82,9.75,2.68,-4764.64,-3.34,-20498.19,-10.82,0,0,0,0,TESTING,PAPER_TRADE,59,10000,189397.37,3120_days,06-09-2017,24-03-2026,0.06%,436,tv_backtester_jan_2024
Engulfing V2 BINANCEUSDT.P 2026-04-03,ETH,4h,76169.28,761.69,7.6169,41.05,0.1125,84.31,24.13,2.26,-756.93,-1.61,-3292.75,-3.82,0,0,0,0,TESTING,PAPER_TRADE,86,10000,86169.28,2287_days,27-12-2019,01-04-2026,0.06%,204,tv_backtester_jan_2024
Breakout Retest BINANCEUSDT 2026-04-03,ETH,4h,178535.24,1785.35,17.8535,41.03,0.1124,81.49,13.82,2.15,-1539.92,-1.78,-13929.83,-7.39,-207.59,-2.08,0,0,TESTING,PAPER_TRADE,60,10000,188535.24,3120_days,15-09-2017,01-04-2026,0.06%,335,tv_backtester_jan_2024
6 BB Squeeze V2 BINANCEUSDT.P 2026-04-02 ,LDO,4h,57358.14,573.58,5.7358,74.53,0.2042,89.43,13.16,2.67,-877.3,-1.61,-4718.24,-7,0,0,0,0,PROMISING,TIER_2,100,10000,67358.14,1251_days,17-10-2022,22-03-2026,0.06%,123,tv_backtester_jan_2024
TRIX Signal BINANCEUSDT 2026-04-03,ETH,4h,179501.57,1795.02,17.9502,40.96,0.1122,80.95,13.42,2.28,-1785.89,-1.62,-14451.4,-7.63,0,0,0,0,TESTING,PAPER_TRADE,58,10000,189501.57,3130_days,06-09-2017,03-04-2026,0.06%,294,tv_backtester_jan_2024
BB Squeeze V2 TimeFilter BINANCEUSDT 2026-04-03,ETH,4h,27143.95,271.44,2.7144,40.82,0.1118,82.17,44.81,2.93,-202.17,-1.62,-619.59,-1.67,0,0,0,0,TESTING,PAPER_TRADE,125,10000,37143.95,1400_days,30-05-2022,30-03-2026,0.06%,129,tv_backtester_jan_2024
BB Squeeze V3 Enhanced BINANCEUSDT 2026-04-03,LDO,4h,26843.77,268.44,2.6844,40.53,0.111,85.91,17.81,3.56,-282.14,-1.35,-1596.87,-4.33,0,0,0,0,TESTING,PAPER_TRADE,126,10000,36843.77,1400_days,30-05-2022,30-03-2026,0.06%,220,tv_backtester_jan_2024
Engulfing V2 BINANCEUSDT.P 2026-04-03,SOL,4h,48001.45,480.01,4.8001,38.01,0.1041,64.68,7.74,2.17,-1737.49,-8.48,-7121.56,-12.28,-774.33,-7.74,0,0,TESTING,PAPER_TRADE,106,10000,58001.45,1993_days,16-10-2020,02-04-2026,0.06%,201,tv_backtester_jan_2024
Engulfing V2 BINANCEUSDT.P 2026-04-03 (1),SOL,4h,48001.45,480.01,4.8001,38.01,0.1041,64.68,7.74,2.17,-1737.49,-8.48,-7121.56,-12.28,-774.33,-7.74,0,0,TESTING,PAPER_TRADE,107,10000,58001.45,1993_days,16-10-2020,02-04-2026,0.06%,201,tv_backtester_jan_2024
Engulfing V2 BINANCEUSDT.P 2026-04-03,XRP,4h,61884.3,618.84,6.1884,37.98,0.104,72.33,9.13,2.21,-1918.49,-3.21,-7611.35,-10.59,-332.31,-3.32,0,0,TESTING,PAPER_TRADE,92,10000,71884.3,2238_days,28-01-2020,16-03-2026,0.06%,206,tv_backtester_jan_2024
Momentum V2 BINANCEUSDT.P 2026-04-03,ADA,4h,57884.47,578.84,5.7884,36.79,0.1008,67.69,7.28,2.33,-1772.76,-3.39,-9218.22,-13.35,-678.96,-6.79,-1156.14,-1.67,TESTING,PAPER_TRADE,99,10000,67884.47,2233_days,20-02-2020,02-04-2026,0.06%,294,tv_backtester_jan_2024
Breakout Retest BINANCEUSDT.P 2026-04-03,XRP,4h,58629.92,586.3,5.863,36.58,0.1002,72.96,9.84,2.42,-1300.8,-3.2,-6632.1,-9.66,-387.08,-3.87,0,0,TESTING,PAPER_TRADE,95,10000,68629.92,2257_days,25-01-2020,31-03-2026,0.06%,233,tv_backtester_jan_2024
Engulfing V2 BINANCEUSDT 2026-04-03,DOT,4h,45992.48,459.92,4.5992,36.44,0.0998,76.97,9.14,2.02,-1053.8,-1.85,-5651.61,-9.91,-162.26,-1.62,-1053.8,-1.85,TESTING,PAPER_TRADE,108,10000,55992.48,2025_days,13-09-2020,31-03-2026,0.06%,178,tv_backtester_jan_2024
Engulfing V2 BINANCEUSDT.P 2026-04-03,DOT,4h,44358.67,443.59,4.4359,35.71,0.0978,77.4,7.09,2.24,-816.21,-1.48,-7285.55,-13.2,0,0,-816.21,-1.48,TESTING,PAPER_TRADE,110,10000,54358.67,2025_days,13-09-2020,31-03-2026,0.06%,177,tv_backtester_jan_2024
Engulfing V2 BINANCEUSDT.P 2026-04-03,LINK,4h,48589.31,485.89,4.8589,34.31,0.094,82.07,7.06,2.26,-1564.35,-4.76,-8018.18,-13.69,-193.22,-1.93,0,0,TESTING,PAPER_TRADE,105,10000,58589.31,2189_days,20-03-2020,19-03-2026,0.06%,184,tv_backtester_jan_2024
Engulfing V2 BINANCEUSDT 2026-04-03,ETH,4h,103982.24,1039.82,10.3982,32.88,0.0901,84.62,17.51,2.29,-1603.65,-1.61,-6297.73,-5.53,0,0,0,0,TESTING,PAPER_TRADE,70,10000,113982.24,3127_days,08-09-2017,01-04-2026,0.06%,247,tv_backtester_jan_2024
Ichimoku V2 BINANCEUSDT 2026-04-03,LDO,4h,19500.63,195.01,1.9501,32.61,0.0893,86.59,11.11,2.32,-485.46,-3.21,-1928.76,-6.54,0,0,0,0,TESTING,PAPER_TRADE,135,10000,29500.63,1400_days,28-05-2022,29-03-2026,0.06%,82,tv_backtester_jan_2024
Ichimoku V2 BINANCEUSDT.P 2026-04-03,AVAX,4h,32307.55,323.08,3.2308,30.87,0.0846,83.33,8.22,2.13,-685.77,-1.63,-4473.43,-10.57,0,0,0,0,TESTING,PAPER_TRADE,116,10000,42307.55,1958_days,03-11-2020,16-03-2026,0.06%,126,tv_backtester_jan_2024
Breakout Retest BINANCEUSDT 2026-04-03,BTC,4h,87749.17,877.49,8.7749,30.59,0.0838,80.05,10.41,2.84,-1739.65,-2.4,-9329.73,-9.54,0,0,0,0,TESTING,PAPER_TRADE,79,10000,97749.17,3120_days,05-09-2017,22-03-2026,0.06%,386,tv_backtester_jan_2024
ADX DI Cross BINANCEUSDT 2026-04-03,BTC,4h,85673.61,856.74,8.5674,30.23,0.0828,81.22,15.02,2.89,-848.13,-1.03,-6111.94,-6.39,0,0,-7.45,-0.01,TESTING,PAPER_TRADE,80,10000,95673.61,3123_days,12-09-2017,01-04-2026,0.06%,362,tv_backtester_jan_2024
6 BB Squeeze V2 BINANCEUSDT 2026-04-02,SUI,1h,30740.01,307.4,3.074,63.54,0.1741,82.47,13.63,2.71,-628.12,-3.19,-2434.14,-5.97,0,0,0,0,PROMISING,TIER_2,117,10000,40740.01,1043_days,24-05-2023,01-04-2026,0.06%,97,tv_backtester_jan_2024
Engulfing V2 BINANCEUSDT.P 2026-04-03,BTC,4h,44705.31,447.05,4.4705,29.9,0.0819,82.81,19.95,2.73,-828.63,-1.61,-2358.79,-4.31,0,0,0,0,TESTING,PAPER_TRADE,109,10000,54705.31,2373_days,01-10-2019,01-04-2026,0.06%,221,tv_backtester_jan_2024
VWAP Reversion BINANCEUSDT.P 2026-04-03,SUI,4h,10103.38,101.03,1.0103,29.29,0.0802,88.33,21.23,2.68,-233.11,-1.67,-499.31,-2.48,0,0,0,0,TESTING,PAPER_TRADE,159,10000,20103.38,993_days,20-06-2023,10-03-2026,0.06%,60,tv_backtester_jan_2024
Ichimoku V2 BINANCEUSDT.P 2026-04-03,LINK,4h,35759.94,357.6,3.576,29.02,0.0795,83.33,11.67,1.94,-704.11,-1.63,-3351.99,-7.33,-15.52,-0.16,0,0,TESTING,PAPER_TRADE,113,10000,45759.94,2180_days,07-04-2020,27-03-2026,0.06%,120,tv_backtester_jan_2024
TRIX Signal BINANCEUSDT 2026-04-03,BTC,4h,78136.22,781.36,7.8136,28.91,0.0792,77.3,6.37,2.33,-2531.81,-3.2,-14542.77,-16.5,0,0,0,0,TESTING,PAPER_TRADE,84,10000,88136.22,3130_days,06-09-2017,03-04-2026,0.06%,326,tv_backtester_jan_2024
6 BB Squeeze V2 BINANCEUSDT 2026-04-02 ,SUI,4h,29155.67,291.56,2.9156,61.28,0.1679,84.54,13.12,2.82,-631.83,-3.19,-2406.05,-6.14,0,0,0,0,PROMISING,TIER_2,122,10000,39155.67,1043_days,24-05-2023,01-04-2026,0.06%,97,tv_backtester_jan_2024
Williams %R BINANCEUSDT 2026-04-03,BTC,4h,76806.59,768.07,7.6807,28.71,0.0787,77.75,12.27,2.81,-1025.84,-1.63,-6813.34,-7.85,-161.44,-1.61,-36.34,-0.04,TESTING,PAPER_TRADE,85,10000,86806.59,3127_days,06-09-2017,30-03-2026,0.06%,373,tv_backtester_jan_2024
Breakout Retest BINANCEUSDT.P 2026-04-03,BTC,4h,37808.13,378.08,3.7808,27.41,0.0751,78.81,7.11,2.69,-612.1,-1.61,-6187.93,-12.94,0,0,0,0,TESTING,PAPER_TRADE,112,10000,47808.13,2359_days,06-10-2019,22-03-2026,0.06%,302,tv_backtester_jan_2024
Momentum V2 BINANCEUSDT 2026-04-03,BNB,4h,58330.52,583.31,5.8331,25.91,0.071,58.11,11.95,2.46,-1435.67,-14.08,-5326.25,-7.79,-1238.99,-12.39,0,0,TESTING,PAPER_TRADE,98,10000,68330.52,3047_days,27-11-2017,02-04-2026,0.06%,370,tv_backtester_jan_2024
BB Squeeze V3 Enhanced BINANCEUSDT 2026-04-03,ETH,4h,13451.51,134.52,1.3452,24.98,0.0684,84.69,50.46,3.68,-74.13,-0.68,-271.96,-1.16,0,0,0,0,TESTING,PAPER_TRADE,149,10000,23451.51,1396_days,30-05-2022,26-03-2026,0.06%,196,tv_backtester_jan_2024
6 BB Squeeze V2 BINANCEUSDT 2026-04-02,ETH,1h,26786.26,267.86,2.6786,45.61,0.125,80.62,16.84,2.92,-507.85,-1.61,-1691.31,-4.6,-137.78,-1.38,0,0,TESTING,PAPER_TRADE,127,10000,36786.26,1266_days,11-10-2022,30-03-2026,0.06%,129,tv_backtester_jan_2024
6 BB Squeeze V2 BINANCEUSDT 2026-04-02,ETH,4h,26447.32,264.47,2.6447,45.23,0.1239,81.4,16.74,2.91,-503.88,-1.61,-1680.26,-4.61,-138.65,-1.39,0,0,TESTING,PAPER_TRADE,128,10000,36447.32,1266_days,11-10-2022,30-03-2026,0.06%,129,tv_backtester_jan_2024
Ichimoku V2 BINANCEUSDT.P 2026-04-03,DOT,4h,21496.78,214.97,2.1497,23.26,0.0637,76.67,9.01,1.97,-520.81,-1.63,-2685.2,-8.39,0,0,-520.81,-1.63,TESTING,PAPER_TRADE,131,10000,31496.78,2004_days,06-10-2020,02-04-2026,0.06%,120,tv_backtester_jan_2024
6 BB Squeeze V2 BINANCEUSDT 2026-04-02,DOT,1h,22610.39,226.1,2.261,41.02,0.1124,85.19,9.54,2.87,-652.75,-1.96,-2648.04,-7.96,0,0,-652.75,-1.96,TESTING,PAPER_TRADE,130,10000,32610.39,1256_days,13-10-2022,22-03-2026,0.06%,135,tv_backtester_jan_2024
BB Squeeze V3 Enhanced BINANCEUSDT 2026-04-03,DOT,4h,11445.97,114.46,1.1446,22.06,0.0604,80.37,19.66,3.5,-249.89,-1.15,-613.48,-2.83,0,0,-249.89,-1.15,TESTING,PAPER_TRADE,154,10000,21445.97,1398_days,04-06-2022,02-04-2026,0.06%,214,tv_backtester_jan_2024
Engulfing V2 BINANCEUSDT 2026-04-03,BTC,4h,43994.76,439.95,4.3995,21.76,0.0596,83.33,11.02,2.32,-856.71,-1.61,-4392.18,-8.13,0,0,-1.65,0,TESTING,PAPER_TRADE,111,10000,53994.76,3129_days,05-09-2017,01-04-2026,0.06%,240,tv_backtester_jan_2024
Ichimoku V2 BINANCEUSDT 2026-04-03,DOT,4h,19305.34,193.05,1.9305,21.65,0.0593,76.36,7.96,1.89,-486.97,-1.63,-2775.7,-9.32,0,0,-486.97,-1.63,TESTING,PAPER_TRADE,136,10000,29305.34,2004_days,06-10-2020,02-04-2026,0.06%,110,tv_backtester_jan_2024
6 BB Squeeze V2 BINANCEUSDT.P 2026-04-02,LDO,1h,20250.92,202.51,2.0251,48.64,0.1333,77,6.03,2.4,-462.29,-2.28,-4027.81,-13.31,0,0,0,0,TESTING,PAPER_TRADE,134,10000,30250.92,1020_days,05-06-2023,22-03-2026,0.06%,100,tv_backtester_jan_2024
Ichimoku V2 BINANCEUSDT.P 2026-04-03,ETH,4h,23363.35,233.63,2.3363,21.21,0.0581,86.24,15.56,2.12,-445.48,-1.61,-1604.31,-4.81,-1.09,-0.01,0,0,TESTING,PAPER_TRADE,129,10000,33363.35,2288_days,20-12-2019,27-03-2026,0.06%,109,tv_backtester_jan_2024
Ichimoku V2 BINANCEUSDT.P 2026-04-03,XRP,4h,20836.67,208.37,2.0837,20.23,0.0554,76.38,15.19,2.17,-390.98,-3.92,-1468.59,-4.76,-406.49,-4.06,0,0,TESTING,PAPER_TRADE,133,10000,30836.67,2233_days,21-02-2020,03-04-2026,0.06%,127,tv_backtester_jan_2024
Ichimoku V2 BINANCEUSDT.P 2026-04-03,LDO,4h,8746.46,87.46,0.8746,20.09,0.055,86.96,11.49,2.14,-233.4,-1.62,-834.1,-4.45,0,0,0,0,TESTING,PAPER_TRADE,167,10000,18746.46,1254_days,21-10-2022,29-03-2026,0.06%,69,tv_backtester_jan_2024
Breakout Retest BINANCEUSDT 2026-04-03,BNB,4h,35369.96,353.7,3.537,19.93,0.0546,54.78,6.85,1.99,-1727.95,-17.41,-6044.75,-13.32,-1801.52,-18.02,0,0,TESTING,PAPER_TRADE,114,10000,45369.96,3039_days,25-11-2017,22-03-2026,0.06%,356,tv_backtester_jan_2024
VWAP Reversion BINANCEUSDT.P 2026-04-03,AVAX,4h,15561.75,155.62,1.5562,19.46,0.0533,86,17.45,2.16,-250.98,-1.75,-945.94,-3.7,-156.27,-1.56,0,0,TESTING,PAPER_TRADE,144,10000,25561.75,1928_days,19-12-2020,01-04-2026,0.06%,100,tv_backtester_jan_2024
Ichimoku Pure BINANCEUSDT 2026-04-03,DOT,4h,16539.22,165.39,1.6539,19.28,0.0528,38.1,1.35,0.69,-3581.79,-15.43,-46679.87,-156.17,-1658.07,-16.58,-3350.33,-11.21,WEAK,IGNORE,141,10000,26539.22,2022_days,19-09-2020,03-04-2026,0.06%,231,tv_backtester_jan_2024
Ichimoku V2 BINANCEUSDT 2026-04-03,ETH,4h,32836.22,328.36,3.2836,18.59,0.0509,84.31,10.72,2.02,-576.66,-1.61,-3379.81,-7.89,0,0,0,0,TESTING,PAPER_TRADE,115,10000,42836.22,3116_days,13-09-2017,27-03-2026,0.06%,153,tv_backtester_jan_2024
VWAP Reversion BINANCEUSDT 2026-04-03,DOT,4h,14485.45,144.85,1.4485,18.5,0.0507,83.33,11.7,2.22,-261.21,-1.6,-1354.15,-5.47,-45.75,-0.46,-249.39,-1.01,TESTING,PAPER_TRADE,145,10000,24485.45,1927_days,06-11-2020,15-02-2026,0.06%,96,tv_backtester_jan_2024
VWAP Reversion BINANCEUSDT.P 2026-04-03,LINK,4h,17401.18,174.01,1.7401,17.99,0.0493,87.18,9.38,2.22,-455.05,-1.71,-2076.07,-7.58,0,0,0,0,TESTING,PAPER_TRADE,139,10000,27401.18,2225_days,25-02-2020,30-03-2026,0.06%,117,tv_backtester_jan_2024
Ichimoku V2 BINANCEUSDT 2026-04-03,BTC,4h,30537.27,305.37,3.0537,17.82,0.0488,81.71,18.33,2.12,-340.43,-1.61,-1762.44,-4.35,0,0,0,0,TESTING,PAPER_TRADE,118,10000,40537.27,3117_days,13-09-2017,27-03-2026,0.06%,175,tv_backtester_jan_2024
Ichimoku V2 BINANCEUSDT.P 2026-04-03,BTC,4h,18412.57,184.13,1.8413,17.65,0.0484,79.14,16.57,2.2,-244.88,-1.61,-1182.23,-4.16,0,0,0,0,TESTING,PAPER_TRADE,137,10000,28412.57,2346_days,23-10-2019,27-03-2026,0.06%,139,tv_backtester_jan_2024
VWAP Reversion BINANCEUSDT 2026-04-03,LDO,4h,8266.52,82.67,0.8267,17.56,0.0481,76.39,5.18,1.91,-475.55,-2.54,-1979.23,-10.56,0,0,-475.55,-2.54,TESTING,PAPER_TRADE,171,10000,18266.52,1360_days,25-06-2022,16-03-2026,0.06%,72,tv_backtester_jan_2024
VWAP Reversion BINANCEUSDT.P 2026-04-03,DOT,4h,13565.74,135.66,1.3566,17.5,0.048,82.83,11.99,2.23,-271.96,-1.14,-1234.15,-5.18,-24.52,-0.25,-271.96,-1.14,TESTING,PAPER_TRADE,147,10000,23565.74,1941_days,22-10-2020,15-02-2026,0.06%,99,tv_backtester_jan_2024
Ichimoku V2 BINANCEUSDT.P 2026-04-03,ADA,4h,16427.61,164.28,1.6428,17.29,0.0474,71.3,7.74,1.65,-886.95,-3.31,-2436.7,-9.09,-291.13,-2.91,-374.99,-1.4,TESTING,PAPER_TRADE,143,10000,26427.61,2226_days,25-02-2020,01-04-2026,0.06%,115,tv_backtester_jan_2024
Ensemble Fusion BINANCEUSDT.P 2026-04-03,DOT,4h,12103.17,121.03,1.2103,16.56,0.0454,80.65,10.41,1.68,-332.33,-1.63,-1285.85,-5.78,0,0,-130.29,-0.59,TESTING,PAPER_TRADE,152,10000,22103.17,1891_days,06-10-2020,11-12-2025,0.06%,62,tv_backtester_jan_2024
Ichimoku V2 BINANCEUSDT.P 2026-04-03,SOL,4h,13041.99,130.42,1.3042,16.44,0.045,64.91,5.21,1.68,-918.58,-6.24,-3094.64,-13.43,-515.52,-5.16,0,0,TESTING,PAPER_TRADE,150,10000,23041.99,2003_days,07-10-2020,03-04-2026,0.06%,114,tv_backtester_jan_2024
Ichimoku V2 BINANCEUSDT.P 2026-04-03 (1),SOL,4h,13041.99,130.42,1.3042,16.44,0.045,64.91,5.21,1.68,-918.58,-6.24,-3094.64,-13.43,-515.52,-5.16,0,0,TESTING,PAPER_TRADE,151,10000,23041.99,2003_days,07-10-2020,03-04-2026,0.06%,114,tv_backtester_jan_2024
Ensemble Fusion BINANCEUSDT.P 2026-04-03,SUI,4h,5212.33,52.12,0.5212,16.31,0.0447,88.46,25.71,1.42,-205.55,-1.62,-210.95,-1.39,0,0,0,0,WEAK,IGNORE,181,10000,15212.33,1014_days,05-06-2023,16-03-2026,0.06%,26,tv_backtester_jan_2024
VWAP Reversion BINANCEUSDT.P 2026-04-03,LDO,4h,6536.79,65.37,0.6537,16.08,0.0441,78.46,5.56,1.92,-265.02,-1.6,-1432.55,-8.58,0,0,-159.22,-0.95,TESTING,PAPER_TRADE,174,10000,16536.79,1232_days,30-10-2022,16-03-2026,0.06%,65,tv_backtester_jan_2024
Ensemble Fusion BINANCEUSDT.P 2026-04-03,AVAX,4h,11169.72,111.7,1.117,15.33,0.042,88.37,14.14,1.47,-346.89,-1.62,-850.26,-3.96,0,0,-300.44,-1.4,TESTING,PAPER_TRADE,155,10000,21169.72,1921_days,07-12-2020,13-03-2026,0.06%,43,tv_backtester_jan_2024
VWAP Reversion BINANCEUSDT.P 2026-04-03,XRP,4h,13530.44,135.3,1.353,15.21,0.0417,73.45,7.48,1.86,-476.16,-4.77,-2087.74,-8.87,-491.9,-4.92,0,0,TESTING,PAPER_TRADE,148,10000,23530.44,2207_days,17-02-2020,04-03-2026,0.06%,113,tv_backtester_jan_2024
Ensemble Fusion BINANCEUSDT.P 2026-04-03,BTC,4h,13963.31,139.63,1.3963,14.65,0.0401,90.91,93.64,1.89,-33.83,-0.16,-150.73,-0.63,0,0,0,0,WEAK,IGNORE,146,10000,23963.31,2335_days,23-10-2019,16-03-2026,0.06%,77,tv_backtester_jan_2024
6 BB Squeeze V2 BINANCEUSDT 2026-04-02  20,ETH,4h,10743.78,107.44,1.0744,23.6,0.0646,80.49,29.57,2.49,-166.15,-1.62,-376,-1.81,0,0,0,0,TESTING,PAPER_TRADE,157,10000,20743.78,1258_days,11-10-2022,22-03-2026,0.06%,82,tv_backtester_jan_2024
6 BB Squeeze V2 BINANCEUSDT 2026-04-02 ,DOT,4h,10693.74,106.94,1.0694,24.8,0.0679,89.89,18.54,2.7,-255.25,-1.63,-609.65,-2.94,0,0,-77.65,-0.37,TESTING,PAPER_TRADE,158,10000,20693.74,1199_days,30-10-2022,10-02-2026,0.06%,89,tv_backtester_jan_2024
Ensemble Fusion BINANCEUSDT 2026-04-03,ETH,4h,20985.58,209.86,2.0986,14.14,0.0387,85.71,17.21,1.62,-726.57,-6.72,-1294.64,-4.18,0,0,-5.72,-0.02,WEAK,IGNORE,132,10000,30985.58,3124_days,08-09-2017,30-03-2026,0.06%,98,tv_backtester_jan_2024
Ensemble Fusion BINANCEUSDT.P 2026-04-03,LINK,4h,11529.7,115.3,1.153,13.88,0.038,82.76,14.85,1.37,-264.2,-1.61,-832.7,-3.87,0,0,0,0,WEAK,IGNORE,153,10000,21529.7,2155_days,20-04-2020,16-03-2026,0.06%,58,tv_backtester_jan_2024
Engulfing V2 BINANCEUSDT 2026-04-03,BNB,4h,17796.63,177.97,1.7797,13.16,0.0361,55.67,7.09,1.67,-1230.73,-12.29,-2920.6,-10.51,-1213.93,-12.14,0,0,WEAK,IGNORE,138,10000,27796.63,3020_days,08-12-2017,16-03-2026,0.06%,203,tv_backtester_jan_2024
Ensemble Fusion BINANCEUSDT 2026-04-03,DOT,4h,9363.91,93.64,0.9364,13.05,0.0357,80.33,13.04,1.58,-300.33,-1.63,-777.95,-3.98,0,0,-160.15,-0.82,WEAK,IGNORE,162,10000,19363.91,1968_days,06-10-2020,25-02-2026,0.06%,61,tv_backtester_jan_2024
VWAP Reversion BINANCEUSDT.P 2026-04-03,ETH,4h,10771.49,107.71,1.0771,12.66,0.0347,91,18.98,2.19,-267.26,-1.61,-599.18,-2.88,0,0,0,0,WEAK,IGNORE,156,10000,20771.49,2240_days,24-01-2020,13-03-2026,0.06%,100,tv_backtester_jan_2024
VWAP Reversion BINANCEUSDT 2026-04-03,ETH,4h,16470.65,164.71,1.6471,12.5,0.0343,81.56,13.71,2.02,-328.48,-1.61,-1296.36,-4.9,-1.28,-0.01,0,0,WEAK,IGNORE,142,10000,26470.65,3018_days,06-12-2017,13-03-2026,0.06%,141,tv_backtester_jan_2024
Ensemble Fusion BINANCEUSDT.P 2026-04-03,ADA,4h,9473.74,94.74,0.9474,12.19,0.0334,71.88,7.02,1.27,-654.81,-3.25,-1574.88,-7.82,-684.3,-6.84,-654.81,-3.25,WEAK,IGNORE,161,10000,19473.74,2116_days,20-04-2020,05-02-2026,0.06%,64,tv_backtester_jan_2024
Momentum Rotation BINANCEUSDT 2026-04-03,DOT,4h,8715.15,87.15,0.8715,11.86,0.0325,34.84,1.14,0.32,-8322.86,-38.98,-61937.25,-290.06,-1050.84,-10.51,-2638.15,-12.35,WEAK,IGNORE,168,10000,18715.15,2042_days,29-08-2020,03-04-2026,0.06%,244,tv_backtester_jan_2024
Ensemble Fusion BINANCEUSDT.P 2026-04-03,SOL,4h,7664.29,76.64,0.7664,11.64,0.0319,69.23,10.61,1.47,-378.25,-2.98,-797.34,-4.51,-152.82,-1.53,0,0,WEAK,IGNORE,172,10000,17664.29,1888_days,12-01-2021,16-03-2026,0.06%,52,tv_backtester_jan_2024
Ensemble Fusion BINANCEUSDT.P 2026-04-03 (1),SOL,4h,7664.29,76.64,0.7664,11.64,0.0319,69.23,10.61,1.47,-378.25,-2.98,-797.34,-4.51,-152.82,-1.53,0,0,WEAK,IGNORE,173,10000,17664.29,1888_days,12-01-2021,16-03-2026,0.06%,52,tv_backtester_jan_2024
Ensemble Fusion BINANCEUSDT.P 2026-04-03,ETH,4h,8613.61,86.14,0.8614,10.63,0.0291,87.27,37.14,1.35,-173.15,-1.61,-238.36,-1.28,0,0,-0.03,0,WEAK,IGNORE,169,10000,18613.61,2247_days,02-02-2020,30-03-2026,0.06%,55,tv_backtester_jan_2024
6 BB Squeeze V2 BINANCEUSDT 2026-04-02,NEAR,4h,8490.6,84.91,0.8491,24.09,0.066,45.83,5.55,1.65,-624.26,-3.27,-1867.45,-9.77,-331.44,-3.31,-624.26,-3.27,TESTING,PAPER_TRADE,170,10000,18490.6,1040_days,27-05-2023,01-04-2026,0.06%,96,tv_backtester_jan_2024
VWAP Reversion BINANCEUSDT.P 2026-04-03 (1),SOL,4h,6345.86,63.46,0.6346,9.63,0.0264,67.09,6.37,1.53,-329.97,-3.26,-1181.83,-7.23,-221.11,-2.21,-6.19,-0.04,WEAK,IGNORE,176,10000,16345.86,1952_days,06-11-2020,13-03-2026,0.06%,79,tv_backtester_jan_2024
VWAP Reversion BINANCEUSDT.P 2026-04-03,SOL,4h,6345.86,63.46,0.6346,9.63,0.0264,67.09,6.37,1.53,-329.97,-3.26,-1181.83,-7.23,-221.11,-2.21,-6.19,-0.04,WEAK,IGNORE,177,10000,16345.86,1952_days,06-11-2020,13-03-2026,0.06%,79,tv_backtester_jan_2024
Ensemble Fusion BINANCEUSDT.P 2026-04-03,LDO,4h,3684.39,36.84,0.3684,9.55,0.0262,84.62,6.95,0.97,-376.24,-3.22,-619.13,-4.49,0,0,-98.24,-0.71,WEAK,IGNORE,184,10000,13684.39,1256_days,17-10-2022,27-03-2026,0.06%,26,tv_backtester_jan_2024
Ensemble Fusion BINANCEUSDT 2026-04-03,BTC,4h,9571.27,95.71,0.9571,9.1,0.0249,86.84,12.51,1.56,-360.91,-2.89,-831.68,-4.25,-166.29,-1.66,0,0,WEAK,IGNORE,160,10000,19571.27,2817_days,29-06-2018,16-03-2026,0.06%,76,tv_backtester_jan_2024
Ensemble Fusion BINANCEUSDT.P 2026-04-03,XRP,4h,5927.73,59.28,0.5928,8.19,0.0224,67.19,4.82,1.37,-408.21,-4.09,-1552.71,-9.75,-422.7,-4.23,0,0,WEAK,IGNORE,178,10000,15927.73,2159_days,04-05-2020,02-04-2026,0.06%,64,tv_backtester_jan_2024
VWAP Reversion BINANCEUSDT.P 2026-04-03,BTC,4h,6488.58,64.89,0.6489,8.18,0.0224,77.36,10.48,1.74,-238.58,-1.61,-684.21,-4.15,0,0,0,0,WEAK,IGNORE,175,10000,16488.58,2324_days,21-10-2019,02-03-2026,0.06%,106,tv_backtester_jan_2024
VWAP Reversion BINANCEUSDT 2026-04-03,BTC,4h,8768.69,87.69,0.8769,8.05,0.0221,80,11.12,1.68,-403.26,-2.35,-866.18,-4.62,0,0,0,0,WEAK,IGNORE,166,10000,18768.69,2970_days,08-01-2018,26-02-2026,0.06%,130,tv_backtester_jan_2024
Ichimoku Pure BINANCEUSDT 2026-04-03,ETH,4h,9140.25,91.4,0.914,7.89,0.0216,37.11,1.11,0.23,-10766.13,-43.15,-85049.04,-340.89,-760.46,-7.6,-5808.66,-23.28,WEAK,IGNORE,163,10000,19140.25,3124_days,09-09-2017,31-03-2026,0.06%,353,tv_backtester_jan_2024
Ichimoku V2 BINANCEUSDT 2026-04-03,BNB,4h,8859.63,88.6,0.886,7.89,0.0216,57.93,4.46,1.24,-929.82,-9.24,-2560.78,-13.58,-865.9,-8.66,0,0,WEAK,IGNORE,165,10000,18859.63,3050_days,25-11-2017,02-04-2026,0.06%,145,tv_backtester_jan_2024
Engulfing Volume BINANCEUSDT 2026-04-03,BTC,4h,8932.85,89.33,0.8933,7.79,0.0213,41.67,1.38,0.44,-3694.11,-23.1,-23746.45,-117.76,0,0,-1232.53,-6.11,WEAK,IGNORE,164,10000,18932.85,3107_days,08-09-2017,13-03-2026,0.06%,132,tv_backtester_jan_2024
Ensemble Fusion BINANCEUSDT 2026-04-03,LDO,4h,2884.42,28.84,0.2884,7.57,0.0207,76.92,6.04,0.86,-220.03,-1.68,-571.96,-4.36,-275.65,-2.76,-220.03,-1.68,WEAK,IGNORE,185,10000,12884.42,1269_days,09-08-2022,29-01-2026,0.06%,26,tv_backtester_jan_2024
Ichimoku Pure BINANCEUSDT 2026-04-03,LDO,4h,2832.2,28.32,0.2832,6.72,0.0184,35.19,1.1,0.24,-5511.2,-42.47,-27908.74,-206.37,-2535.04,-25.35,-691.25,-5.11,WEAK,IGNORE,186,10000,12832.2,1401_days,28-05-2022,29-03-2026,0.06%,162,tv_backtester_jan_2024
VWAP Reversion BINANCEUSDT.P 2026-04-03,ADA,4h,4049.26,40.49,0.4049,5.88,0.0161,58.76,4.34,1.24,-501.23,-4.99,-1211.8,-8.47,-463.69,-4.64,-256.44,-1.79,WEAK,IGNORE,183,10000,14049.26,2172_days,06-03-2020,15-02-2026,0.06%,97,tv_backtester_jan_2024
Ensemble Fusion BINANCEUSDT 2026-04-03,BNB,4h,5802.57,58.03,0.5803,5.66,0.0155,67.65,5.51,1,-375.87,-3.75,-1285.68,-8.14,-359.07,-3.59,0,0,WEAK,IGNORE,179,10000,15802.57,3036_days,08-12-2017,02-04-2026,0.06%,68,tv_backtester_jan_2024
Ichimoku Pure BINANCEUSDT 2026-04-03,BTC,4h,5678.91,56.79,0.5679,5.4,0.0148,35.55,1.1,0.2,-7936.8,-45.63,-57770.64,-322.59,-542.06,-5.42,-2229.67,-12.45,WEAK,IGNORE,180,10000,15678.91,3124_days,13-09-2017,03-04-2026,0.06%,346,tv_backtester_jan_2024
VWAP Reversion BINANCEUSDT 2026-04-03,BNB,4h,5146.34,51.46,0.5146,5.18,0.0142,51.43,4.28,1.24,-1278.61,-12.79,-1569.69,-10.36,-1277.84,-12.78,0,0,WEAK,IGNORE,182,10000,15146.34,3000_days,21-12-2017,09-03-2026,0.06%,140,tv_backtester_jan_2024
Supertrend MACD Fusion BINANCEUSDT 2026-04-03,LDO,4h,1198.67,11.99,0.1199,3.02,0.0083,30.39,1.08,0.18,-2519.18,-22.39,-14475.11,-121.15,-1949.57,-19.5,-749.31,-6.27,WEAK,IGNORE,188,10000,11198.67,1392_days,04-06-2022,28-03-2026,0.06%,102,tv_backtester_jan_2024
DCA Grid BINANCEUSDT 2026-04-03,LDO,4h,1038.42,10.38,0.1038,2.86,0.0078,61.16,1.22,0.22,-1832.22,-17.8,-4786.25,-41.01,-1537.94,-15.38,-632.95,-5.42,WEAK,IGNORE,189,10000,11038.42,1279_days,26-07-2022,25-01-2026,0.06%,121,tv_backtester_jan_2024
DCA Grid BINANCEUSDT 2026-04-03,ETH,4h,1729.57,17.3,0.173,1.9,0.0052,66.4,1.18,0.17,-2572.4,-23.92,-9734.95,-82.97,-1816.63,-18.17,-4.02,-0.03,WEAK,IGNORE,187,10000,11729.57,3088_days,18-10-2017,03-04-2026,0.06%,250,tv_backtester_jan_2024
Supertrend MACD Fusion BINANCEUSDT 2026-04-03,DOT,4h,869.07,8.69,0.0869,1.52,0.0042,29.94,1.05,0.09,-3331.64,-32.23,-17465.05,-157.39,-2993.2,-29.93,-227.61,-2.05,WEAK,IGNORE,190,10000,10869.07,2023_days,18-09-2020,03-04-2026,0.06%,157,tv_backtester_jan_2024
Engulfing Volume BINANCEUSDT 2026-04-03,DOT,4h,613.19,6.13,0.0613,1.09,0.003,33,1.04,0.07,-2687.49,-23.74,-14317.21,-126.49,-1368.21,-13.68,-706.09,-6.24,WEAK,IGNORE,191,10000,10613.19,2003_days,14-09-2020,10-03-2026,0.06%,100,tv_backtester_jan_2024
Engulfing Volume BINANCEUSDT 2026-04-03,LDO,4h,301.35,3.01,0.0301,0.85,0.0023,32.86,1.02,0.04,-6804.17,-39.78,-12798.62,-74.82,-214.97,-2.15,-6804.17,-39.78,WEAK,IGNORE,192,10000,10301.35,1287_days,27-07-2022,03-02-2026,0.06%,70,tv_backtester_jan_2024
DCA Grid BINANCEUSDT 2026-04-03,BTC,4h,169.55,1.7,0.017,0.2,0.0005,64.47,1.02,0.02,-2755.09,-25.2,-9294.09,-80.33,-1820.57,-18.21,-1400.62,-12.11,WEAK,IGNORE,193,10000,10169.55,3082_days,25-10-2017,03-04-2026,0.06%,228,tv_backtester_jan_2024
Liquidity Sweep Reversal BINANCEUSDT 2026-04-03,ETH,4h,-73.14,-0.73,-0.0073,-0.19,-0.0005,37.9,1,-0.01,-4422.09,-33.8,-16745.49,-128.01,-1340.29,-13.4,-3154.94,-24.12,UNPROFITABLE,DO_NOT_USE,194,10000,9926.86,1391_days,31-05-2022,22-03-2026,0.06%,124,tv_backtester_jan_2024
Supertrend MACD Fusion BINANCEUSDT 2026-04-03,ETH,4h,-1527.99,-15.28,-0.1528,-1.93,-0.0053,27.91,0.94,-0.11,-5157.69,-44.96,-23809.9,-207.53,-3684.82,-36.85,-3000.86,-26.16,UNPROFITABLE,DO_NOT_USE,195,10000,8472.01,3111_days,08-09-2017,16-03-2026,0.06%,215,tv_backtester_jan_2024
Momentum Rotation BINANCEUSDT 2026-04-03,ETH,4h,-1587.36,-15.87,-0.1587,-2,-0.0055,31.01,0.97,-0.05,-10674.81,-67.91,-58372.08,-371.35,-4955.91,-49.56,-7306.26,-46.48,UNPROFITABLE,DO_NOT_USE,196,10000,8412.64,3128_days,08-09-2017,03-04-2026,0.06%,387,tv_backtester_jan_2024
Momentum Rotation BINANCEUSDT 2026-04-03,BTC,4h,-1741.8,-17.42,-0.1742,-2.21,-0.0061,32.56,0.97,-0.05,-9509.29,-59.54,-58154.22,-364.11,-3537.79,-35.38,-7713.3,-48.29,UNPROFITABLE,DO_NOT_USE,197,10000,8258.2,3123_days,02-09-2017,23-03-2026,0.06%,387,tv_backtester_jan_2024
Supertrend MACD Fusion BINANCEUSDT 2026-04-03,BTC,4h,-2391.98,-23.92,-0.2392,-3.16,-0.0086,28.5,0.9,-0.17,-6231.31,-47,-24224,-182.73,-2974.25,-29.74,-5649.04,-42.61,UNPROFITABLE,DO_NOT_USE,198,10000,7608.02,3113_days,13-09-2017,23-03-2026,0.06%,214,tv_backtester_jan_2024
DCA Grid BINANCEUSDT 2026-04-03,DOT,4h,-2438.75,-24.39,-0.2439,-5.03,-0.0138,55.21,0.72,-0.29,-4899.38,-39.32,-8699.14,-69.81,-2438.75,-24.39,-4899.38,-39.32,UNPROFITABLE,DO_NOT_USE,199,10000,7561.25,1980_days,30-10-2020,03-04-2026,0.06%,163,tv_backtester_jan_2024
Engulfing Volume BINANCEUSDT 2026-04-03,ETH,4h,-3846.85,-38.47,-0.3847,-5.52,-0.0151,27.01,0.79,-0.35,-5766.62,-48.38,-17996.34,-150.98,-3846.85,-38.47,-5766.62,-48.38,UNPROFITABLE,DO_NOT_USE,201,10000,6153.15,3124_days,08-09-2017,30-03-2026,0.06%,137,tv_backtester_jan_2024
Fair Value Gap BINANCEUSDT 2026-04-03,BTC,4h,-4006.25,-40.06,-0.4006,-5.8,-0.0159,36.23,0.94,-0.19,-9449.29,-63.21,-66678.42,-446.03,-4499.93,-45,-8955.61,-59.91,UNPROFITABLE,DO_NOT_USE,202,10000,5993.75,3130_days,06-09-2017,03-04-2026,0.06%,530,tv_backtester_jan_2024
Liquidity Sweep Reversal BINANCEUSDT 2026-04-03,BTC,4h,-3416.73,-34.17,-0.3417,-10.39,-0.0285,32.54,0.77,-0.59,-3561.22,-35.1,-14856.07,-146.44,-3416.73,-34.17,-3561.22,-35.1,UNPROFITABLE,DO_NOT_USE,200,10000,6583.27,1392_days,30-05-2022,22-03-2026,0.06%,126,tv_backtester_jan_2024
Momentum Rotation BINANCEUSDT 2026-04-03,LDO,4h,-4775.22,-47.75,-0.4775,-15.6,-0.0427,27.75,0.79,-0.53,-6151.08,-59.51,-23237.59,-224.83,-5815.34,-58.15,-5110.96,-49.45,UNPROFITABLE,DO_NOT_USE,203,10000,5224.78,1398_days,28-05-2022,27-03-2026,0.06%,173,tv_backtester_jan_2024
Liquidity Sweep Reversal BINANCEUSDT 2026-04-03,LDO,4h,-5055.35,-50.55,-0.5055,-16.84,-0.0461,29.63,0.7,-0.91,-5798.97,-55.97,-16597.41,-160.19,-5437.78,-54.38,-5416.54,-52.28,UNPROFITABLE,DO_NOT_USE,204,10000,4944.65,1395_days,06-06-2022,02-04-2026,0.06%,162,tv_backtester_jan_2024
Fair Value Gap BINANCEUSDT 2026-04-03,ETH,4h,-8850.14,-88.5,-0.885,-22.3,-0.0611,31.26,0.77,-0.78,-9105.97,-89.8,-38375.26,-378.46,-8966.05,-89.66,-8990.06,-88.66,UNPROFITABLE,DO_NOT_USE,205,10000,1149.86,3131_days,05-09-2017,03-04-2026,0.06%,611,tv_backtester_jan_2024
Fair Value Gap BINANCEUSDT 2026-04-03,LDO,4h,-8871.2,-88.71,-0.8871,-43.37,-0.1188,25.31,0.53,-1.95,-8791.88,-88.77,-18987.17,-189.87,-8887.38,-88.87,-8775.7,-88.6,UNPROFITABLE,DO_NOT_USE,206,10000,1128.8,1401_days,28-05-2022,29-03-2026,0.06%,324,tv_backtester_jan_2024
